,ID_hecho,FECHA,ROL,VEHICULO_FALLECIDO,SEXO,EDAD,N_VICTIMAS,HORA_HECHO,TIPO_DE_CALLE,COMUNA,LONGITUD,LATITUD,PARTICIPANTES,VICTIMA,ACUSADO
0,2016-0001,2016-01-01,CONDUCTOR,MOTO,MASCULINO,19,1,4,AVENIDA,8,-58.47533969,-34.68757022,MOTO-AUTO,MOTO,AUTO
1,2016-0002,2016-01-02,CONDUCTOR,AUTO,MASCULINO,70,1,1,GRAL PAZ,9,-58.50877521,-34.66977709,AUTO-PASAJEROS,AUTO,PASAJEROS
2,2016-0003,2016-01-03,CONDUCTOR,MOTO,MASCULINO,30,1,7,AVENIDA,1,-58.39040293,-34.63189362,MOTO-AUTO,MOTO,AUTO
3,2016-0004,2016-01-10,CONDUCTOR,MOTO,MASCULINO,18,1,0,AVENIDA,8,-58.46503904,-34.68092974,MOTO-SD,MOTO,SD
4,2016-0005,2016-01-21,CONDUCTOR,MOTO,MASCULINO,29,1,5,AVENIDA,1,-58.38718297,-34.6224663,MOTO-PASAJEROS,MOTO,PASAJEROS
5,2016-0008,2016-01-24,CONDUCTOR,MOTO,MASCULINO,30,1,18,AVENIDA,8,-58.44451316,-34.68475866,MOTO-OBJETO FIJO,MOTO,OBJETO FIJO
6,2016-0009,2016-01-24,PASAJERO_ACOMPAÑANTE,MOTO,MASCULINO,29,1,19,CALLE,11,-58.50095869,-34.6082544,MOTO-AUTO,MOTO,AUTO
7,2016-0010,2016-01-29,CONDUCTOR,MOTO,MASCULINO,18,1,15,GRAL PAZ,9,-58.50877521,-34.66977709,MOTO-AUTO,MOTO,AUTO
8,2016-0012,2016-02-08,CONDUCTOR,MOTO,MASCULINO,22,1,1,AVENIDA,1,-58.38048577,-34.61303893,MOTO-CARGAS,MOTO,CARGAS
9,2016-0013,2016-02-10,PEATON,PEATON,MASCULINO,16,1,11,AVENIDA,1,-58.39114932,-34.62477387,PEATON-AUTO,PEATON,AUTO
10,2016-0015,2016-02-14,PEATON,PEATON,FEMENINO,16,1,5,AVENIDA,15,-58.4376002,-34.59912758,PEATON-AUTO,PEATON,AUTO
11,2016-0016,2016-02-14,PASAJERO_ACOMPAÑANTE,MOTO,FEMENINO,19,1,22,AVENIDA,4,-58.36882665,-34.64291993,MOTO-AUTO,MOTO,AUTO
12,2016-0017,2016-02-15,PEATON,PEATON,MASCULINO,59,1,16,AVENIDA,8,-58.44989671,-34.65970435,PEATON-MOTO,PEATON,MOTO
13,2016-0019,2016-02-17,PEATON,PEATON,FEMENINO,65,1,9,CALLE,9,-58.50990884,-34.65468721,PEATON-PASAJEROS,PEATON,PASAJEROS
14,2016-0020,2016-02-17,PEATON,PEATON,MASCULINO,59,1,16,CALLE,1,-58.37952223,-34.60653282,PEATON-AUTO,PEATON,AUTO
15,2016-0021,2016-02-17,CONDUCTOR,AUTO,MASCULINO,34,1,23,AVENIDA,7,-58.45157703,-34.63063795,AUTO-AUTO,AUTO,AUTO
16,2016-0022,2016-02-21,PASAJERO_ACOMPAÑANTE,MOTO,MASCULINO,41,1,6,AVENIDA,1,-58.38144696,-34.61079875,MOTO-AUTO,MOTO,AUTO
17,2016-0025,2016-02-28,PASAJERO_ACOMPAÑANTE,AUTO,MASCULINO,34,1,4,GRAL PAZ,8,-58.46244952,-34.70524971,AUTO-AUTO,AUTO,AUTO
18,2016-0026,2016-02-28,CONDUCTOR,AUTO,MASCULINO,30,1,7,CALLE,12,-58.49216191,-34.54738649,AUTO-OBJETO FIJO,AUTO,OBJETO FIJO
19,2016-0027,2016-02-28,PASAJERO_ACOMPAÑANTE,AUTO,MASCULINO,34,1,9,AVENIDA,7,-58.44497874,-34.63852623,AUTO-AUTO,AUTO,AUTO
20,2016-0028,2016-03-02,PEATON,PEATON,MASCULINO,50,1,10,AVENIDA,1,-58.38199706,-34.60028648,PEATON-CARGAS,PEATON,CARGAS
21,2016-0029,2016-03-04,PEATON,PEATON,MASCULINO,38,1,17,AVENIDA,12,-58.47378664,-34.54153077,PEATON-PASAJEROS,PEATON,PASAJEROS
22,2016-0031,2016-03-08,CONDUCTOR,MOTO,MASCULINO,21,1,12,GRAL PAZ,8,-58.47064556,-34.69843756,MOTO-PASAJEROS,MOTO,PASAJEROS
23,2016-0034,2016-03-12,PEATON,PEATON,MASCULINO,52,1,12,AVENIDA,4,-58.40623949,-34.65076549,PEATON-PASAJEROS,PEATON,PASAJEROS
24,2016-0035,2016-03-13,CONDUCTOR,MOTO,MASCULINO,34,1,6,AVENIDA,3,-58.39228965,-34.60443527,MOTO-PASAJEROS,MOTO,PASAJEROS
25,2016-0036,2016-03-14,PASAJERO_ACOMPAÑANTE,MOTO,MASCULINO,36,1,0,CALLE,4,-58.37813396,-34.63668504,MOTO-PASAJEROS,MOTO,PASAJEROS
26,2016-0037,2016-03-19,CONDUCTOR,MOTO,MASCULINO,20,1,11,AVENIDA,7,-58.46275892,-34.64358293,MOTO-MOTO,MOTO,MOTO
27,2016-0038,2016-03-21,PEATON,PEATON,MASCULINO,29,1,8,GRAL PAZ,8,-58.49683458,-34.67892743,PEATON-PASAJEROS,PEATON,PASAJEROS
28,2016-0039,2016-03-23,CONDUCTOR,MOTO,MASCULINO,20,1,1,AVENIDA,3,-58.40603217,-34.6088396,MOTO-PASAJEROS,MOTO,PASAJEROS
29,2016-0041,2016-03-29,CONDUCTOR,MOTO,MASCULINO,54,2,11,AVENIDA,7,-58.4607655,-34.63350444,MOTO-CARGAS,MOTO,CARGAS
30,2016-0041,2016-03-29,PASAJERO_ACOMPAÑANTE,MOTO,MASCULINO,42,2,11,AVENIDA,7,-58.4607655,-34.63350444,MOTO-CARGAS,MOTO,CARGAS
31,2016-0043,2016-03-30,PEATON,PEATON,FEMENINO,56,1,18,AVENIDA,8,-58.47832463,-34.67494416,PEATON-CARGAS,PEATON,CARGAS
32,2016-0044,2016-03-31,CONDUCTOR,MOTO,MASCULINO,24,1,19,AVENIDA,7,-58.43213235,-34.63693953,MULTIPLE,MOTO,MULTIPLE
33,2016-0045,2016-04-11,CONDUCTOR,MOTO,MASCULINO,42,1,10,GRAL PAZ,13,-58.46743471,-34.53476874,MOTO-SD,MOTO,SD
34,2016-0047,2016-04-15,PEATON,PEATON,MASCULINO,41,1,5,CALLE,1,-58.38247061,-34.62571878,PEATON-PASAJEROS,PEATON,PASAJEROS
35,2016-0048,2016-04-15,PEATON,PEATON,FEMENINO,42,1,17,AVENIDA,15,-58.44759966,-34.5917024,PEATON-PASAJEROS,PEATON,PASAJEROS
36,2016-0049,2016-04-17,SD,SD,MASCULINO,42,1,0,AUTOPISTA,4,-58.37714647568196,-34.63657525428238,SD-SD,SD,SD
37,2016-0050,2016-04-19,PEATON,PEATON,MASCULINO,78,1,9,AVENIDA,8,-58.47305463,-34.68550712,PEATON-PASAJEROS,PEATON,PASAJEROS
38,2016-0051,2016-04-20,CONDUCTOR,MOTO,MASCULINO,36,1,4,AVENIDA,4,-58.40623949,-34.65076549,MOTO-CARGAS,MOTO,CARGAS
39,2016-0052,2016-04-20,SD,MOTO,MASCULINO,42,1,20,AUTOPISTA,13,-58.4393443,-34.5491067,MOTO-SD,MOTO,SD
40,2016-0053,2016-04-22,PEATON,PEATON,MASCULINO,38,1,9,AVENIDA,12,-58.4842918,-34.57558053,PEATON-PASAJEROS,PEATON,PASAJEROS
41,2016-0054,2016-04-23,CONDUCTOR,MOTO,MASCULINO,30,1,21,AUTOPISTA,8,-58.48695354,-34.68795245,MOTO-MOTO,MOTO,MOTO
42,2016-0055,2016-04-25,PEATON,PEATON,MASCULINO,79,1,20,AVENIDA,14,-58.40021959,-34.57964781,PEATON-CARGAS,PEATON,CARGAS
43,2016-0056,2016-04-26,CONDUCTOR,MOTO,MASCULINO,26,1,4,AVENIDA,14,-58.42957885,-34.57660058,MOTO-OBJETO FIJO,MOTO,OBJETO FIJO
44,2016-0058,2016-05-04,PEATON,PEATON,FEMENINO,57,1,14,CALLE,1,-58.38247542,-34.62556293,PEATON-MOTO,PEATON,MOTO
45,2016-0059,2016-05-08,PEATON,PEATON,MASCULINO,37,1,16,CALLE,1,-58.38222219,-34.62728101,PEATON-PASAJEROS,PEATON,PASAJEROS
46,2016-0064,2016-05-14,PEATON,PEATON,MASCULINO,20,1,18,AVENIDA,10,-58.49485242,-34.62953445,PEATON-PASAJEROS,PEATON,PASAJEROS
47,2016-0065,2016-05-20,PEATON,PEATON,MASCULINO,20,1,14,AVENIDA,6,-58.45227946,-34.61068024,PEATON-AUTO,PEATON,AUTO
48,2016-0067,2016-05-21,PASAJERO_ACOMPAÑANTE,MOTO,FEMENINO,30,1,17,AVENIDA,8,-58.48455411,-34.6751276,MOTO-PASAJEROS,MOTO,PASAJEROS
49,2016-0068,2016-05-22,CONDUCTOR,MOTO,MASCULINO,58,1,22,AVENIDA,2,-58.39056593,-34.58418569,MOTO-PASAJEROS,MOTO,PASAJEROS
50,2016-0069,2016-05-23,CONDUCTOR,AUTO,MASCULINO,30,1,3,AVENIDA,3,-58.39118948,-34.62704273,AUTO-CARGAS,AUTO,CARGAS
51,2016-0073,2016-06-11,CONDUCTOR,MOTO,MASCULINO,23,1,15,CALLE,10,-58.49021952,-34.62025108,MOTO-CARGAS,MOTO,CARGAS
52,2016-0074,2016-06-12,CONDUCTOR,AUTO,MASCULINO,60,1,6,GRAL PAZ,8,-58.49896559,-34.67732118,AUTO-AUTO,AUTO,AUTO
53,2016-0075,2016-06-12,PEATON,PEATON,MASCULINO,42,1,23,AUTOPISTA,8,-58.47461076,-34.66874679,PEATON-AUTO,PEATON,AUTO
54,2016-0076,2016-06-13,PEATON,PEATON,FEMENINO,53,1,16,AVENIDA,15,-58.46210891,-34.60356211,PEATON-PASAJEROS,PEATON,PASAJEROS
55,2016-0077,2016-06-13,PEATON,PEATON,FEMENINO,42,1,21,AVENIDA,1,-58.3702777,-34.60536123,PEATON-PASAJEROS,PEATON,PASAJEROS
56,2016-0078,2016-06-13,CONDUCTOR,MOTO,MASCULINO,30,1,23,AVENIDA,3,-58.40491455,-34.6146383,MOTO-MOTO,MOTO,MOTO
57,2016-0079,2016-06-16,CONDUCTOR,AUTO,FEMENINO,51,1,17,AVENIDA,13,-58.45504154,-34.54864492,AUTO-AUTO,AUTO,AUTO
58,2016-0080,2016-06-18,CONDUCTOR,AUTO,MASCULINO,60,1,6,GRAL PAZ,9,-58.52927982,-34.63931752,AUTO-SD,AUTO,SD
59,2016-0081,2016-06-22,CONDUCTOR,MOTO,MASCULINO,40,1,7,AVENIDA,12,-58.4872106,-34.55904606,MOTO-AUTO,MOTO,AUTO
60,2016-0082,2016-06-27,PEATON,PEATON,MASCULINO,87,1,18,AVENIDA,4,-58.42273092,-34.64228803,PEATON-AUTO,PEATON,AUTO
61,2016-0083,2016-06-28,PEATON,PEATON,FEMENINO,76,1,20,AVENIDA,6,-58.44788671,-34.62539009,PEATON-MOTO,PEATON,MOTO
62,2016-0084,2016-06-29,PEATON,PEATON,MASCULINO,57,1,22,CALLE,1,-58.38110563,-34.60135531,PEATON-PASAJEROS,PEATON,PASAJEROS
63,2016-0085,2016-06-29,SD,MOTO,MASCULINO,42,1,22,AVENIDA,4,-58.42378834,-34.657341,MOTO-MOVIL,MOTO,OTRO
64,2016-0086,2016-06-30,PEATON,PEATON,MASCULINO,75,1,16,AVENIDA,10,-58.48727942,-34.63652467,PEATON-PASAJEROS,PEATON,PASAJEROS
65,2016-0087,2016-07-03,CONDUCTOR,MOTO,MASCULINO,23,1,7,SD,SD,0.0,0.0,SD,SD,SD
66,2016-0088,2016-07-11,PEATON,PEATON,FEMENINO,70,1,15,CALLE,12,-58.5015175,-34.56767549,PEATON-AUTO,PEATON,AUTO
67,2016-0089,2016-07-14,PEATON,PEATON,MASCULINO,35,1,6,AUTOPISTA,13,-58.43233425,-34.55185825,PEATON-AUTO,PEATON,AUTO
68,2016-0090,2016-07-14,PEATON,PEATON,MASCULINO,60,1,22,AVENIDA,5,-58.41971993,-34.6111224,PEATON-PASAJEROS,PEATON,PASAJEROS
69,2016-0092,2016-07-15,CONDUCTOR,MOTO,MASCULINO,24,1,11,GRAL PAZ,13,-58.46743471,-34.53476874,MOTO-CARGAS,MOTO,CARGAS
70,2016-0093,2016-07-17,CONDUCTOR,AUTO,MASCULINO,35,1,3,AVENIDA,6,-58.44362126,-34.62301748,AUTO-AUTO,AUTO,AUTO
71,2016-0095,2016-07-23,CONDUCTOR,MOTO,MASCULINO,29,1,6,AVENIDA,11,-58.51713095,-34.59546519,MOTO-AUTO,MOTO,AUTO
72,2016-0096,2016-07-25,CONDUCTOR,MOTO,MASCULINO,42,1,7,AUTOPISTA,8,-58.47433193007387,-34.66684950051973,MOTO-CARGAS,MOTO,CARGAS
73,2016-0097,2016-07-26,PEATON,PEATON,MASCULINO,80,1,18,CALLE,1,-58.39038605,-34.6156281,PEATON-AUTO,PEATON,AUTO
74,2016-0098,2016-07-27,CONDUCTOR,MOTO,FEMENINO,43,1,16,AVENIDA,3,-58.40042405,-34.62356174,MOTO-CARGAS,MOTO,CARGAS
75,2016-0099,2016-07-29,CONDUCTOR,CARGAS,MASCULINO,45,1,16,GRAL PAZ,11,-58.52340614,-34.59798754,CARGAS-CARGAS,CARGAS,CARGAS
76,2016-0100,2016-08-03,CONDUCTOR,MOTO,MASCULINO,57,1,23,GRAL PAZ,12,-58.49491054,-34.54795581,MOTO-OBJETO FIJO,MOTO,OBJETO FIJO
77,2016-0101,2016-08-07,SD,SD,MASCULINO,67,1,19,GRAL PAZ,9,-58.52932872,-34.65014993,SD-SD,SD,SD
78,2016-0102,2016-08-10,CONDUCTOR,MOTO,MASCULINO,29,1,23,AVENIDA,9,-58.50011639,-34.67316502,MOTO-CARGAS,MOTO,CARGAS
79,2016-0104,2016-08-14,CONDUCTOR,MOTO,MASCULINO,21,1,21,AVENIDA,9,-58.46635001,-34.65624369,MOTO-PASAJEROS,MOTO,PASAJEROS
80,2016-0105,2016-08-17,PEATON,PEATON,MASCULINO,19,1,0,AVENIDA,15,-58.45343236,-34.58435809,PEATON-PASAJEROS,PEATON,PASAJEROS
81,2016-0106,2016-08-19,PEATON,PEATON,MASCULINO,38,1,21,AVENIDA,1,-58.38090932,-34.58927731,PEATON-PASAJEROS,PEATON,PASAJEROS
82,2016-0107,2016-08-20,CONDUCTOR,MOTO,MASCULINO,21,1,8,AUTOPISTA,4,-58.37157668,-34.65429986,MOTO-AUTO,MOTO,AUTO
83,2016-0109,2016-08-24,CONDUCTOR,AUTO,FEMENINO,53,1,5,AUTOPISTA,9,-58.52280139,-34.63659934,AUTO-OBJETO FIJO,AUTO,OBJETO FIJO
84,2016-0110,2016-08-24,PEATON,PEATON,MASCULINO,57,1,20,AVENIDA,9,-58.51232237,-34.6590353,PEATON-SD,PEATON,SD
85,2016-0111,2016-08-25,CONDUCTOR,MOTO,MASCULINO,27,1,9,AUTOPISTA,15,-58.47461905,-34.57663634,MOTO-CARGAS,MOTO,CARGAS
86,2016-0112,2016-08-27,CONDUCTOR,MOTO,MASCULINO,24,1,4,AUTOPISTA,1,-58.38268809,-34.62282019,MOTO-OBJETO FIJO,MOTO,OBJETO FIJO
87,2016-0113,2016-08-27,PEATON,PEATON,FEMENINO,60,1,16,AVENIDA,9,-58.49603546,-34.64564271,PEATON-PASAJEROS,PEATON,PASAJEROS
88,2016-0114,2016-08-31,CICLISTA,BICICLETA,FEMENINO,55,1,11,CALLE,14,-58.41848605,-34.59394733,BICICLETA-CARGAS,BICICLETA,CARGAS
89,2016-0115,2016-09-02,SD,SD,MASCULINO,42,1,11,CALLE,12,-58.48935041,-34.54917673,SD-CARGAS,SD,CARGAS
90,2016-0116,2016-09-02,CONDUCTOR,MOTO,MASCULINO,30,1,20,AVENIDA,8,-58.44451316,-34.68475866,MOTO-AUTO,MOTO,AUTO
91,2016-0117,2016-09-03,CONDUCTOR,AUTO,MASCULINO,43,1,15,AVENIDA,14,-58.39936478,-34.58271474,AUTO-AUTO,AUTO,AUTO
92,2016-0118,2016-09-04,CONDUCTOR,AUTO,MASCULINO,27,1,3,AUTOPISTA,1,-58.37936704,-34.62694503,AUTO-AUTO,AUTO,AUTO
93,2016-0119,2016-09-04,PASAJERO_ACOMPAÑANTE,SD,FEMENINO,42,1,6,AVENIDA,12,-58.49659234,-34.56353635,SD-SD,SD,SD
94,2016-0122,2016-09-13,CICLISTA,BICICLETA,MASCULINO,49,1,7,AVENIDA,9,-58.47256391,-34.65194557,BICICLETA-PASAJEROS,BICICLETA,PASAJEROS
95,2016-0123,2016-09-14,CONDUCTOR,MOTO,FEMENINO,58,1,9,AVENIDA,7,-58.45130953,-34.64053676,MOTO-AUTO,MOTO,AUTO
96,2016-0124,2016-09-16,PEATON,PEATON,MASCULINO,67,1,15,AVENIDA,7,-58.46271207,-34.62884871,PEATON-PASAJEROS,PEATON,PASAJEROS
97,2016-0125,2016-09-17,CONDUCTOR,MOTO,MASCULINO,30,1,12,AUTOPISTA,10,-58.49020869,-34.64243791,MOTO-MOTO,MOTO,MOTO
98,2016-0126,2016-09-18,CONDUCTOR,AUTO,MASCULINO,37,2,22,CALLE,10,-58.52572109,-34.62125906,AUTO-CARGAS,AUTO,CARGAS
99,2016-0126,2016-09-18,PASAJERO_ACOMPAÑANTE,AUTO,MASCULINO,60,2,22,CALLE,10,-58.52572109,-34.62125906,AUTO-CARGAS,AUTO,CARGAS
100,2016-0127,2016-09-24,PEATON,PEATON,MASCULINO,50,1,10,AVENIDA,8,-58.44094791,-34.66677111,PEATON-PASAJEROS,PEATON,PASAJEROS
101,2016-0128,2016-10-02,PEATON,PEATON,FEMENINO,81,1,11,AVENIDA,5,-58.41914024,-34.6305389,PEATON-PASAJEROS,PEATON,PASAJEROS
102,2016-0130,2016-10-04,CONDUCTOR,MOTO,MASCULINO,29,1,12,AUTOPISTA,1,-58.37910942,-34.62764717,MOTO-CARGAS,MOTO,CARGAS
103,2016-0131,2016-10-09,PEATON,PEATON,MASCULINO,35,1,19,CALLE,4,-58.39871183,-34.64539318,PEATON-AUTO,PEATON,AUTO
104,2016-0132,2016-10-10,PASAJERO_ACOMPAÑANTE,AUTO,MASCULINO,30,1,2,AVENIDA,3,-58.41036975,-34.62477021,AUTO-PASAJEROS,AUTO,PASAJEROS
105,2016-0133,2016-10-14,CONDUCTOR,MOTO,MASCULINO,41,1,0,AVENIDA,14,-58.40204698,-34.5834269,MOTO-AUTO,MOTO,AUTO
106,2016-0134,2016-10-23,CONDUCTOR,MOTO,MASCULINO,25,1,5,AVENIDA,8,-58.48935287,-34.67648597,MOTO-OBJETO FIJO,MOTO,OBJETO FIJO
107,2016-0135,2016-10-24,PEATON,PEATON,MASCULINO,29,1,5,AVENIDA,14,-58.42260225,-34.56403694,PEATON-SD,PEATON,SD
108,2016-0136,2016-10-25,CONDUCTOR,MOTO,MASCULINO,42,1,0,AUTOPISTA,4,-58.1853702,-34.7609586,MOTO-CARGAS,MOTO,CARGAS
109,2016-0137,2016-10-25,CONDUCTOR,MOTO,MASCULINO,30,1,0,AVENIDA,11,-58.51537091,-34.59035925,MOTO-MOTO,MOTO,MOTO
110,2016-0138,2016-10-27,CICLISTA,BICICLETA,FEMENINO,33,1,20,AVENIDA,13,-58.4590967,-34.55922742,BICICLETA-CARGAS,BICICLETA,CARGAS
111,2016-0139,2016-10-28,PASAJERO_ACOMPAÑANTE,MOTO,FEMENINO,35,1,23,AVENIDA,14,-58.42008769,-34.56539579,MOTO-MOTO,MOTO,MOTO
112,2016-0140,2016-10-31,PASAJERO_ACOMPAÑANTE,PASAJEROS,MASCULINO,20,1,2,AVENIDA,13,-58.45566399,-34.56147293,PASAJEROS-PASAJEROS,PASAJEROS,PASAJEROS
113,2016-0142,2016-11-05,CONDUCTOR,MOTO,MASCULINO,46,1,23,AVENIDA,1,-58.37533517,-34.59276462,MOTO-PASAJEROS,MOTO,PASAJEROS
114,2016-0143,2016-11-06,CONDUCTOR,MOTO,MASCULINO,35,1,4,AVENIDA,8,-58.44451316,-34.68475866,MOTO-SD,MOTO,SD
115,2016-0144,2016-11-07,PEATON,PEATON,MASCULINO,83,1,12,AVENIDA,4,-58.35975012,-34.63343907,PEATON-PASAJEROS,PEATON,PASAJEROS
116,2016-0145,2016-11-07,CONDUCTOR,MOTO,MASCULINO,39,1,20,AVENIDA,13,-58.44523595,-34.55953855,MOTO-AUTO,MOTO,AUTO
117,2016-0146,2016-11-09,PEATON,PEATON,FEMENINO,29,1,20,AVENIDA,4,-58.39626094,-34.63036565,PEATON-PASAJEROS,PEATON,PASAJEROS
118,2016-0147,2016-11-16,PASAJERO_ACOMPAÑANTE,MOVIL,MASCULINO,55,1,21,AVENIDA,1,-58.38896772,-34.61799615,MOVIL-PASAJEROS,MOVIL,PASAJEROS
119,2016-0148,2016-11-16,CONDUCTOR,MOTO,MASCULINO,42,1,22,AVENIDA,15,-58.46536113,-34.59484504,MOTO-MOTO,MOTO,MOTO
120,2016-0150,2016-11-18,PASAJERO_ACOMPAÑANTE,CARGAS,MASCULINO,41,1,18,AVENIDA,4,-58.40879146,-34.65273216,CARGAS-CARGAS,CARGAS,CARGAS
121,2016-0151,2016-11-18,PEATON,PEATON,MASCULINO,42,1,20,CALLE,0,0.0,0.0,PEATON-SD,PEATON,SD
122,2016-0152,2016-11-23,CONDUCTOR,MOTO,MASCULINO,42,1,21,AVENIDA,7,-58.46451841,-34.64991946,MOTO-AUTO,MOTO,AUTO
123,2016-0153,2016-11-25,PEATON,PEATON,FEMENINO,83,1,15,AVENIDA,15,-58.4291709,-34.59485488,PEATON-MOTO,PEATON,MOTO
124,2016-0154,2016-11-26,CONDUCTOR,MOTO,MASCULINO,38,1,14,GRAL PAZ,8,-58.49007772,-34.68251141,MOTO-MOTO,MOTO,MOTO
125,2016-0155,2016-11-26,PEATON,PEATON,FEMENINO,29,1,16,CALLE,10,-58.52756365,-34.62772274,PEATON-AUTO,PEATON,AUTO
126,2016-0156,2016-11-26,CONDUCTOR,MOTO,MASCULINO,23,1,19,AVENIDA,3,-58.40638983,-34.61943202,MOTO-PASAJEROS,MOTO,PASAJEROS
127,2016-0157,2016-12-03,CONDUCTOR,MOTO,MASCULINO,23,1,6,AVENIDA,11,-58.47576807,-34.61740997,MOTO-MOTO,MOTO,MOTO
128,2016-0159,2016-12-04,CONDUCTOR,AUTO,MASCULINO,23,1,7,AVENIDA,8,-58.44451316,-34.68475866,AUTO-SD,AUTO,SD
129,2016-0160,2016-12-06,CONDUCTOR,CARGAS,MASCULINO,29,1,5,AUTOPISTA,9,-58.51927194,-34.63635787,CARGAS-OBJETO FIJO,CARGAS,OBJETO FIJO
130,2016-0161,2016-12-06,PEATON,PEATON,MASCULINO,50,1,7,AVENIDA,14,-58.42525456,-34.57866344,PEATON-PASAJEROS,PEATON,PASAJEROS
131,2016-0162,2016-12-07,PEATON,PEATON,MASCULINO,38,1,5,AVENIDA,15,-58.45396573,-34.58518167,PEATON-AUTO,PEATON,AUTO
132,2016-0163,2016-12-10,CONDUCTOR,MOTO,MASCULINO,23,1,7,GRAL PAZ,11,-58.52340614,-34.59798754,MOTO-AUTO,MOTO,AUTO
133,2016-0164,2016-12-11,CONDUCTOR,AUTO,MASCULINO,29,1,6,AVENIDA,4,-58.42323628,-34.64119105,AUTO-AUTO,AUTO,AUTO
134,2016-0165,2016-12-12,CICLISTA,BICICLETA,MASCULINO,37,1,8,AVENIDA,4,-58.36926144,-34.62841919,BICICLETA-PASAJEROS,BICICLETA,PASAJEROS
135,2016-0168,2016-12-13,CONDUCTOR,MOTO,MASCULINO,43,1,10,AVENIDA,4,-58.42323628,-34.64119105,MOTO-AUTO,MOTO,AUTO
136,2016-0169,2016-12-15,CONDUCTOR,MOTO,MASCULINO,24,1,15,AVENIDA,12,-58.47935434,-34.55676497,MOTO-PASAJEROS,MOTO,PASAJEROS
137,2016-0170,2016-12-19,PASAJERO_ACOMPAÑANTE,MOTO,MASCULINO,21,1,17,GRAL PAZ,12,-58.50598256,-34.5637998,MOTO-AUTO,MOTO,AUTO
138,2016-0171,2016-12-25,CONDUCTOR,MOTO,MASCULINO,42,1,19,AUTOPISTA,1,-58.36607137,-34.62150748,MOTO-MOTO,MOTO,MOTO
139,2016-0172,2016-12-26,CONDUCTOR,MOTO,MASCULINO,38,1,8,AVENIDA,5,-58.41918902,-34.63174259,MOTO-CARGAS,MOTO,CARGAS
140,2016-0173,2016-12-26,CONDUCTOR,MOTO,MASCULINO,35,1,19,AVENIDA,7,-58.46749188,-34.63551751,MOTO-CARGAS,MOTO,CARGAS
141,2016-0174,2016-12-27,SD,SD,MASCULINO,42,1,0,AUTOPISTA,0,-58.4303422,-34.6281032,SD-SD,SD,SD
142,2016-0175,2016-12-27,PEATON,PEATON,FEMENINO,42,1,8,CALLE,7,-58.46064174,-34.62960517,PEATON-BICICLETA,PEATON,BICICLETA
143,2016-0176,2016-12-28,CONDUCTOR,MOTO,MASCULINO,28,1,1,AVENIDA,1,-58.36956186,-34.61232875,MOTO-PASAJEROS,MOTO,PASAJEROS
144,2016-0177,2016-12-29,PEATON,PEATON,FEMENINO,27,1,4,CALLE,14,-58.40966671,-34.58788235,PEATON-AUTO,PEATON,AUTO
145,2016-0178,2016-12-30,PEATON,PEATON,FEMENINO,7,1,16,CALLE,3,-58.40288226,-34.61544091,MULTIPLE,PEATON,MULTIPLE
146,2017-0001,2017-01-02,CONDUCTOR,MOTO,MASCULINO,18,1,1,AVENIDA,11,-58.4659423,-34.61028571,MOTO-CARGAS,MOTO,CARGAS
147,2017-0003,2017-01-05,PASAJERO_ACOMPAÑANTE,CARGAS,MASCULINO,33,1,3,AVENIDA,4,-58.38957669,-34.64410277,CARGAS-CARGAS,CARGAS,CARGAS
148,2017-0007,2017-01-11,PEATON,PEATON,MASCULINO,48,1,17,CALLE,1,-58.3816166,-34.61529543,MULTIPLE,PEATON,MULTIPLE
149,2017-0008,2017-01-16,CONDUCTOR,MOTO,MASCULINO,29,1,0,CALLE,14,-58.43917004,-34.58494351,MOTO-PASAJEROS,MOTO,PASAJEROS
150,2017-0009,2017-01-16,CONDUCTOR,MOTO,MASCULINO,36,1,13,AUTOPISTA,5,-58.41595919,-34.62743346,MOTO-CARGAS,MOTO,CARGAS
151,2017-0010,2017-01-16,CONDUCTOR,MOTO,MASCULINO,23,1,16,AVENIDA,6,-58.4356488,-34.62828656,MOTO-AUTO,MOTO,AUTO
152,2017-0011,2017-01-22,PASAJERO_ACOMPAÑANTE,MOTO,FEMENINO,29,1,2,GRAL PAZ,12,-58.5007381,-34.5497951,MOTO-OBJETO FIJO,MOTO,OBJETO FIJO
153,2017-0012,2017-01-24,CONDUCTOR,MOTO,MASCULINO,30,1,14,CALLE,4,-58.40969005,-34.6505529,MOTO-CARGAS,MOTO,CARGAS
154,2017-0013,2017-01-27,PEATON,PEATON,MASCULINO,4,1,7,AVENIDA,4,-58.38972622,-34.65098981,PEATON-CARGAS,PEATON,CARGAS
155,2017-0014,2017-01-28,PASAJERO_ACOMPAÑANTE,MOTO,FEMENINO,22,1,8,AVENIDA,12,-58.49185972,-34.55046754,MULTIPLE,MOTO,MULTIPLE
156,2017-0015,2017-02-02,PEATON,PEATON,MASCULINO,82,1,15,AVENIDA,2,-58.39293417,-34.59963642,PEATON-AUTO,PEATON,AUTO
157,2017-0016,2017-02-03,CONDUCTOR,MOTO,MASCULINO,27,1,5,AUTOPISTA,1,-58.38099494,-34.62288231,MOTO-CARGAS,MOTO,CARGAS
158,2017-0017,2017-02-06,CONDUCTOR,MOTO,MASCULINO,32,1,8,AVENIDA,14,-58.429012,-34.58095431,MOTO-AUTO,MOTO,AUTO
159,2017-0018,2017-02-09,CONDUCTOR,MOTO,MASCULINO,30,1,7,GRAL PAZ,9,-58.50877521,-34.66977709,MOTO-AUTO,MOTO,AUTO
160,2017-0021,2017-02-18,CONDUCTOR,MOTO,MASCULINO,43,1,5,CALLE,1,-58.38362373,-34.60509972,MOTO-PASAJEROS,MOTO,PASAJEROS
161,2017-0024,2017-02-23,PEATON,PEATON,MASCULINO,39,1,20,AVENIDA,7,-58.46589308,-34.62955795,PEATON-PASAJEROS,PEATON,PASAJEROS
162,2017-0025,2017-02-24,CONDUCTOR,MOTO,MASCULINO,23,1,17,AVENIDA,7,-58.43614426,-34.6542464,MOTO-SD,MOTO,SD
163,2017-0026,2017-02-26,PASAJERO_ACOMPAÑANTE,AUTO,FEMENINO,23,2,5,AVENIDA,4,-58.41842777,-34.64979057,AUTO-OBJETO FIJO,AUTO,OBJETO FIJO
164,2017-0026,2017-02-26,CONDUCTOR,AUTO,MASCULINO,19,2,5,AVENIDA,4,-58.41842777,-34.64979057,AUTO-OBJETO FIJO,AUTO,OBJETO FIJO
165,2017-0027,2017-02-26,PEATON,PEATON,MASCULINO,42,1,21,AVENIDA,1,-58.38332245,-34.6319325,PEATON-AUTO,PEATON,AUTO
166,2017-0028,2017-02-28,PEATON,PEATON,MASCULINO,87,1,9,AVENIDA,6,-58.45475488,-34.61196327,PEATON-AUTO,PEATON,AUTO
167,2017-0029,2017-03-07,SD,SD,MASCULINO,34,1,2,CALLE,9,-58.48501341,-34.64742455,SD-AUTO,SD,AUTO
168,2017-0030,2017-03-07,CONDUCTOR,AUTO,FEMENINO,27,1,8,AVENIDA,9,-58.47010988,-34.65872088,AUTO-PASAJEROS,AUTO,PASAJEROS
169,2017-0031,2017-03-11,PASAJERO_ACOMPAÑANTE,AUTO,MASCULINO,70,1,1,CALLE,3,-58.4099756,-34.62873635,AUTO-OBJETO FIJO,AUTO,OBJETO FIJO
170,2017-0032,2017-03-12,PASAJERO_ACOMPAÑANTE,AUTO,FEMENINO,40,1,5,GRAL PAZ,8,-58.48892175,-34.68359163,AUTO-AUTO,AUTO,AUTO
171,2017-0033,2017-03-12,CONDUCTOR,AUTO,MASCULINO,28,1,7,GRAL PAZ,11,-58.52466448,-34.60325478,AUTO-AUTO,AUTO,AUTO
172,2017-0034,2017-03-13,PEATON,PEATON,MASCULINO,43,1,7,CALLE,14,-58.42554218,-34.57929036,PEATON-AUTO,PEATON,AUTO
173,2017-0035,2017-03-23,CONDUCTOR,AUTO,MASCULINO,28,3,5,AVENIDA,1,-58.35881506,-34.61113641,AUTO-OBJETO FIJO,AUTO,OBJETO FIJO
174,2017-0035,2017-03-23,PASAJERO_ACOMPAÑANTE,AUTO,MASCULINO,32,3,5,AVENIDA,1,-58.35881506,-34.61113641,AUTO-OBJETO FIJO,AUTO,OBJETO FIJO
175,2017-0035,2017-03-23,PASAJERO_ACOMPAÑANTE,AUTO,MASCULINO,30,3,5,AVENIDA,1,-58.35881506,-34.61113641,AUTO-OBJETO FIJO,AUTO,OBJETO FIJO
176,2017-0036,2017-03-29,PASAJERO_ACOMPAÑANTE,MOTO,FEMENINO,42,2,18,GRAL PAZ,12,-58.51452347,-34.58159762,MOTO-PASAJEROS,MOTO,PASAJEROS
177,2017-0036,2017-03-29,CONDUCTOR,MOTO,MASCULINO,20,2,18,GRAL PAZ,12,-58.51452347,-34.58159762,MOTO-PASAJEROS,MOTO,PASAJEROS
178,2017-0037,2017-03-31,CONDUCTOR,MOTO,MASCULINO,41,1,3,AVENIDA,1,-58.38896772,-34.61799615,MOTO-CARGAS,MOTO,CARGAS
179,2017-0038,2017-04-01,CONDUCTOR,MOTO,FEMENINO,40,1,19,AVENIDA,7,-58.44516857,-34.64363363,MOTO-AUTO,MOTO,AUTO
180,2017-0040,2017-04-03,CONDUCTOR,AUTO,MASCULINO,43,1,9,AVENIDA,13,-58.43834197,-34.54560369,MULTIPLE,AUTO,MULTIPLE
181,2017-0041,2017-04-03,CONDUCTOR,MOTO,MASCULINO,17,1,23,CALLE,7,-58.45485084,-34.63531854,MOTO-AUTO,MOTO,AUTO
182,2017-0042,2017-04-10,CONDUCTOR,MOTO,MASCULINO,42,1,9,GRAL PAZ,14,-58.4416617,-34.5483931,MOTO-CARGAS,MOTO,CARGAS
183,2017-0045,2017-04-14,CONDUCTOR,MOTO,MASCULINO,21,1,6,CALLE,10,-58.52449285,-34.62454175,MOTO-OBJETO FIJO,MOTO,OBJETO FIJO
184,2017-0047,2017-04-23,CONDUCTOR,MOTO,MASCULINO,37,1,6,AVENIDA,8,-58.46713742,-34.6719879,MOTO-AUTO,MOTO,AUTO
185,2017-0049,2017-04-27,PEATON,PEATON,MASCULINO,22,1,18,AVENIDA,8,-58.43850413,-34.65554754,PEATON-PASAJEROS,PEATON,PASAJEROS
186,2017-0050,2017-04-28,CONDUCTOR,MOTO,MASCULINO,46,2,11,AUTOPISTA,9,-58.5332558,-34.6411805,MOTO-CARGAS,MOTO,CARGAS
187,2017-0050,2017-04-28,PASAJERO_ACOMPAÑANTE,MOTO,MASCULINO,16,2,11,AUTOPISTA,9,-58.5332558,-34.6411805,MOTO-CARGAS,MOTO,CARGAS
188,2017-0051,2017-05-01,CONDUCTOR,AUTO,MASCULINO,33,1,3,AUTOPISTA,7,-58.4792622,-34.6692181,AUTO-AUTO,AUTO,AUTO
189,2017-0052,2017-05-05,PEATON,PEATON,FEMENINO,47,1,3,GRAL PAZ,8,-58.49413799,-34.68095739,PEATON-CARGAS,PEATON,CARGAS
190,2017-0053,2017-05-05,CONDUCTOR,MOTO,MASCULINO,28,1,20,CALLE,4,-58.37547846,-34.65326075,MOTO-CARGAS,MOTO,CARGAS
191,2017-0054,2017-05-07,PASAJERO_ACOMPAÑANTE,MOTO,FEMENINO,20,1,21,AVENIDA,15,-58.48680218,-34.58689719,MOTO-AUTO,MOTO,AUTO
192,2017-0055,2017-05-09,CONDUCTOR,AUTO,MASCULINO,32,1,8,AVENIDA,12,-58.49563989,-34.57962262,AUTO-AUTO,AUTO,AUTO
193,2017-0058,2017-05-09,PEATON,PEATON,MASCULINO,80,1,23,AVENIDA,1,-58.38403232,-34.5991594,PEATON-MOTO,PEATON,MOTO
194,2017-0059,2017-05-11,PEATON,PEATON,FEMENINO,39,1,9,CALLE,1,-58.38223382,-34.62693865,PEATON-PASAJEROS,PEATON,PASAJEROS
195,2017-0060,2017-05-13,PASAJERO_ACOMPAÑANTE,MOTO,MASCULINO,30,1,7,AVENIDA,8,-58.45966521,-34.67323292,MOTO-OBJETO FIJO,MOTO,OBJETO FIJO
196,2017-0061,2017-05-15,PEATON,PEATON,MASCULINO,47,1,13,AVENIDA,2,-58.39303911,-34.59871111,PEATON-MOTO,PEATON,MOTO
197,2017-0062,2017-05-15,CONDUCTOR,MOTO,MASCULINO,35,1,16,AVENIDA,10,-58.51262106,-34.63395999,MOTO-CARGAS,MOTO,CARGAS
198,2017-0063,2017-05-17,PEATON,PEATON,FEMENINO,79,1,10,AVENIDA,1,-58.38118367,-34.61646839,PEATON-PASAJEROS,PEATON,PASAJEROS
199,2017-0064,2017-05-20,PASAJERO_ACOMPAÑANTE,CARGAS,MASCULINO,61,1,5,CALLE,1,-58.37653284,-34.60582475,CARGAS-AUTO,CARGAS,AUTO
200,2017-0065,2017-05-22,CICLISTA,BICICLETA,MASCULINO,21,1,16,AVENIDA,4,-58.37709334,-34.64035082,BICICLETA-CARGAS,BICICLETA,CARGAS
201,2017-0066,2017-05-22,PEATON,PEATON,MASCULINO,10,1,18,AVENIDA,15,-58.46002142,-34.60409469,PEATON-PASAJEROS,PEATON,PASAJEROS
202,2017-0067,2017-05-23,CONDUCTOR,MOTO,MASCULINO,21,1,2,AVENIDA,6,-58.4338197,-34.62801894,MOTO-CARGAS,MOTO,CARGAS
203,2017-0068,2017-05-27,CONDUCTOR,MOTO,MASCULINO,32,1,19,AVENIDA,8,-58.43580656,-34.66437532,MOTO-OBJETO FIJO,MOTO,OBJETO FIJO
204,2017-0069,2017-05-29,CONDUCTOR,MOTO,MASCULINO,39,1,7,SD,SD,0.0,0.0,SD,SD,SD
205,2017-0070,2017-05-30,PEATON,PEATON,MASCULINO,80,1,13,CALLE,11,-58.50791763,-34.59804273,PEATON-AUTO,PEATON,AUTO
206,2017-0072,2017-06-03,CONDUCTOR,AUTO,MASCULINO,25,1,23,AVENIDA,12,-58.49175088,-34.58226957,AUTO-AUTO,AUTO,AUTO
207,2017-0073,2017-06-04,CONDUCTOR,MOTO,MASCULINO,19,1,9,AVENIDA,3,-58.40781467,-34.60425669,MOTO-AUTO,MOTO,AUTO
208,2017-0074,2017-06-04,SD,SD,MASCULINO,70,1,12,CALLE,9,-58.52567073,-34.63787791,SD-SD,SD,SD
209,2017-0075,2017-06-12,PEATON,PEATON,MASCULINO,55,1,22,AVENIDA,1,-58.381542,-34.60906385,PEATON-MOTO,PEATON,MOTO
210,2017-0076,2017-06-13,PEATON,PEATON,FEMENINO,30,1,14,AVENIDA,2,-58.38526125,-34.5780581,PEATON-CARGAS,PEATON,CARGAS
211,2017-0077,2017-06-17,CONDUCTOR,MOTO,FEMENINO,60,1,23,CALLE,14,-58.42934104,-34.58451712,MOTO-CARGAS,MOTO,CARGAS
212,2017-0079,2017-06-19,CONDUCTOR,MOTO,MASCULINO,33,1,16,CALLE,3,-58.40657493,-34.61781124,MOTO-CARGAS,MOTO,CARGAS
213,2017-0080,2017-06-22,PEATON,PEATON,FEMENINO,95,1,10,AVENIDA,9,-58.49525314,-34.64487785,PEATON-CARGAS,PEATON,CARGAS
214,2017-0082,2017-06-25,PEATON,PEATON,MASCULINO,36,1,22,AVENIDA,4,-58.39092851,-34.62932696,PEATON-AUTO,PEATON,AUTO
215,2017-0083,2017-07-04,CONDUCTOR,MOTO,MASCULINO,37,1,0,AVENIDA,9,-58.49603546,-34.64564271,MOTO-CARGAS,MOTO,CARGAS
216,2017-0084,2017-07-05,PEATON,PEATON,FEMENINO,73,1,12,AVENIDA,2,-58.38502878,-34.58703485,PEATON-PASAJEROS,PEATON,PASAJEROS
217,2017-0085,2017-07-07,PEATON,PEATON,MASCULINO,84,1,14,AVENIDA,4,-58.37261143,-34.63150425,PEATON-PASAJEROS,PEATON,PASAJEROS
218,2017-0086,2017-07-09,PEATON,PEATON,FEMENINO,30,1,7,AVENIDA,9,-58.51876802,-34.63905965,PEATON-MOTO,PEATON,MOTO
219,2017-0087,2017-07-10,PEATON,PEATON,FEMENINO,73,1,10,CALLE,3,-58.41095567,-34.61516101,PEATON-AUTO,PEATON,AUTO
220,2017-0088,2017-07-10,PEATON,PEATON,MASCULINO,43,1,22,AVENIDA,1,-58.36797542,-34.62519403,PEATON-PASAJEROS,PEATON,PASAJEROS
221,2017-0089,2017-07-13,SD,SD,MASCULINO,23,1,12,CALLE,9,-58.51514709,-34.64787051,SD-AUTO,SD,AUTO
222,2017-0090,2017-07-15,PEATON,PEATON,MASCULINO,22,1,5,GRAL PAZ,11,-58.51925642,-34.59171721,PEATON-AUTO,PEATON,AUTO
223,2017-0091,2017-07-15,CONDUCTOR,MOTO,MASCULINO,58,1,13,GRAL PAZ,12,-58.48671535,-34.54321216,MOTO-SD,MOTO,SD
224,2017-0092,2017-07-24,PEATON,PEATON,MASCULINO,66,1,22,AUTOPISTA,1,-58.38268809,-34.62282019,PEATON-AUTO,PEATON,AUTO
225,2017-0093,2017-07-25,PEATON,PEATON,MASCULINO,42,1,16,AUTOPISTA,13,-58.43633522,-34.54966288,PEATON-AUTO,PEATON,AUTO
226,2017-0094,2017-07-27,CICLISTA,BICICLETA,FEMENINO,56,1,8,CALLE,10,-58.52640838,-34.61765855,BICICLETA-CARGAS,BICICLETA,CARGAS
227,2017-0095,2017-08-06,CONDUCTOR,MOTO,MASCULINO,36,1,8,AVENIDA,14,-58.41894306,-34.59778875,MOTO-AUTO,MOTO,AUTO
228,2017-0096,2017-08-07,PEATON,PEATON,MASCULINO,87,1,19,AVENIDA,13,-58.46756026,-34.54972741,PEATON-PASAJEROS,PEATON,PASAJEROS
229,2017-0098,2017-08-08,PEATON,PEATON,FEMENINO,61,1,12,CALLE,7,-58.45715752,-34.63132912,PEATON-AUTO,PEATON,AUTO
230,2017-0099,2017-08-17,CICLISTA,BICICLETA,MASCULINO,28,1,19,AVENIDA,14,-58.42406784,-34.56213916,BICICLETA-AUTO,BICICLETA,AUTO
231,2017-0100,2017-08-21,PASAJERO_ACOMPAÑANTE,MOTO,FEMENINO,16,1,7,CALLE,3,-58.3967447,-34.61512051,MOTO-OBJETO FIJO,MOTO,OBJETO FIJO
232,2017-0101,2017-08-23,PEATON,PEATON,FEMENINO,61,1,10,AVENIDA,13,-58.44537508,-34.57084818,MULTIPLE,PEATON,MULTIPLE
233,2017-0102,2017-08-24,PEATON,PEATON,MASCULINO,46,1,1,AVENIDA,4,-58.40056767,-34.6510708,PEATON-CARGAS,PEATON,CARGAS
234,2017-0104,2017-08-25,PEATON,PEATON,FEMENINO,18,1,9,AVENIDA,1,-58.38109568,-34.61853244,PEATON-CARGAS,PEATON,CARGAS
235,2017-0106,2017-08-31,PEATON,PEATON,FEMENINO,85,1,19,CALLE,14,-58.42533612,-34.58035258,PEATON-PASAJEROS,PEATON,PASAJEROS
236,2017-0107,2017-09-01,CONDUCTOR,MOTO,MASCULINO,41,1,11,AVENIDA,13,-58.46062311,-34.54395182,MOTO-CARGAS,MOTO,CARGAS
237,2017-0108,2017-09-02,PASAJERO_ACOMPAÑANTE,AUTO,MASCULINO,17,2,4,GRAL PAZ,12,-58.49491054,-34.54795581,AUTO-OBJETO FIJO,OBJETO FIJO,AUTO
238,2017-0108,2017-09-02,PASAJERO_ACOMPAÑANTE,AUTO,MASCULINO,10,2,4,GRAL PAZ,12,-58.49491054,-34.54795581,AUTO-OBJETO FIJO,OBJETO FIJO,AUTO
239,2017-0109,2017-09-04,CONDUCTOR,MOTO,MASCULINO,21,1,21,AVENIDA,7,-58.47130269,-34.63665402,MOTO-AUTO,MOTO,AUTO
240,2017-0110,2017-09-06,PEATON,PEATON,MASCULINO,56,1,14,AVENIDA,1,-58.370488,-34.60189492,PEATON-PASAJEROS,PEATON,PASAJEROS
241,2017-0111,2017-09-07,PEATON,PEATON,FEMENINO,79,1,18,CALLE,4,-58.42023854,-34.6423411,PEATON-CARGAS,PEATON,CARGAS
242,2017-0112,2017-09-10,PASAJERO_ACOMPAÑANTE,AUTO,MASCULINO,1,2,9,AUTOPISTA,7,-58.45807401,-34.6399743,AUTO-OBJETO FIJO,AUTO,OBJETO FIJO
243,2017-0112,2017-09-10,PASAJERO_ACOMPAÑANTE,AUTO,MASCULINO,42,2,9,AUTOPISTA,7,-58.45807401,-34.6399743,AUTO-OBJETO FIJO,AUTO,OBJETO FIJO
244,2017-0113,2017-09-11,PEATON,PEATON,FEMENINO,76,1,6,AVENIDA,1,-58.37697717,-34.59573848,PEATON-PASAJEROS,PEATON,PASAJEROS
245,2017-0114,2017-09-15,CONDUCTOR,AUTO,MASCULINO,26,1,2,AVENIDA,2,-58.3910058,-34.5849866,AUTO-OBJETO FIJO,AUTO,OBJETO FIJO
246,2017-0115,2017-09-19,CONDUCTOR,MOTO,MASCULINO,34,1,18,AVENIDA,5,-58.42182126,-34.63089661,MOTO-BICICLETA,MOTO,BICICLETA
247,2017-0116,2017-09-20,CONDUCTOR,MOTO,MASCULINO,22,1,22,GRAL PAZ,12,-58.51389422,-34.58075791,MOTO-OBJETO FIJO,MOTO,OBJETO FIJO
248,2017-0118,2017-09-22,PASAJERO_ACOMPAÑANTE,MOTO,FEMENINO,26,1,7,AVENIDA,4,-58.37585415,-34.65232158,MOTO-AUTO,MOTO,AUTO
249,2017-0120,2017-10-02,CONDUCTOR,MOTO,MASCULINO,20,1,15,AUTOPISTA,9,-58.47297505,-34.66245085,MOTO-CARGAS,MOTO,CARGAS
250,2017-0123,2017-10-10,PEATON,PEATON,FEMENINO,36,1,1,AVENIDA,8,-58.46855503,-34.67216349,PEATON-AUTO,PEATON,AUTO
251,2017-0124,2017-10-12,CONDUCTOR,MOTO,MASCULINO,51,1,14,CALLE,15,-58.44254033,-34.59185043,MOTO-PASAJEROS,MOTO,PASAJEROS
252,2017-0125,2017-10-13,CONDUCTOR,MOTO,MASCULINO,29,1,6,AVENIDA,8,-58.46622247,-34.67926929,MOTO-OBJETO FIJO,MOTO,OBJETO FIJO
253,2017-0126,2017-10-14,PASAJERO_ACOMPAÑANTE,AUTO,MASCULINO,39,2,6,AVENIDA,8,-58.48003734,-34.68148508,AUTO-OBJETO FIJO,AUTO,OBJETO FIJO
254,2017-0126,2017-10-14,CONDUCTOR,AUTO,MASCULINO,36,2,6,AVENIDA,8,-58.48003734,-34.68148508,AUTO-OBJETO FIJO,AUTO,OBJETO FIJO
255,2017-0127,2017-10-16,PASAJERO_ACOMPAÑANTE,MOTO,MASCULINO,24,1,7,AVENIDA,2,-58.41192137,-34.59800248,MOTO-MOTO,MOTO,MOTO
256,2017-0128,2017-10-17,PEATON,PEATON,FEMENINO,60,1,12,CALLE,6,-58.44034689,-34.61349731,PEATON-PASAJEROS,PEATON,PASAJEROS
257,2017-0129,2017-10-26,CONDUCTOR,MOTO,MASCULINO,57,1,19,AUTOPISTA,9,-58.47155277,-34.64925746,MOTO-PASAJEROS,MOTO,PASAJEROS
258,2017-0130,2017-10-27,CONDUCTOR,AUTO,MASCULINO,23,1,5,AVENIDA,15,-58.47883099,-34.59967065,AUTO-CARGAS,AUTO,CARGAS
259,2017-0132,2017-10-30,CONDUCTOR,MOTO,MASCULINO,23,1,14,AVENIDA,8,-58.46552171,-34.6937413,MOTO-PASAJEROS,MOTO,PASAJEROS
260,2017-0134,2017-11-06,PEATON,PEATON,FEMENINO,47,1,18,AVENIDA,8,-58.4423972,-34.66777987,PEATON-PASAJEROS,PEATON,PASAJEROS
261,2017-0135,2017-11-07,CONDUCTOR,MOTO,MASCULINO,24,1,12,AVENIDA,15,-58.47032551,-34.59626814,MOTO-CARGAS,MOTO,CARGAS
262,2017-0136,2017-11-16,PEATON,PEATON,MASCULINO,55,1,8,AVENIDA,4,-58.41827843,-34.65522746,PEATON-PASAJEROS,PEATON,PASAJEROS
263,2017-0137,2017-11-17,PEATON,PEATON,FEMENINO,60,1,11,AVENIDA,11,-58.51280715,-34.59279388,PEATON-CARGAS,PEATON,CARGAS
264,2017-0138,2017-11-19,PASAJERO_ACOMPAÑANTE,MOTO,MASCULINO,25,1,10,AVENIDA,7,-58.46258582,-34.64385704,MOTO-OBJETO FIJO,MOTO,OBJETO FIJO
265,2017-0139,2017-11-19,PASAJERO_ACOMPAÑANTE,AUTO,FEMENINO,15,1,22,AVENIDA,8,-58.45064148,-34.68003614,AUTO-OBJETO FIJO,AUTO,OBJETO FIJO
266,2017-0140,2017-11-19,CONDUCTOR,MOTO,MASCULINO,24,1,23,AUTOPISTA,4,-58.3793597,-34.6376995,MOTO-PASAJEROS,MOTO,PASAJEROS
267,2017-0141,2017-11-23,PEATON,PEATON,FEMENINO,22,1,19,AVENIDA,6,-58.42717783,-34.62513374,PEATON-PASAJEROS,PEATON,PASAJEROS
268,2017-0143,2017-11-25,CONDUCTOR,AUTO,MASCULINO,50,1,21,CALLE,11,-58.46442001,-34.60724519,AUTO-PASAJEROS,AUTO,PASAJEROS
269,2017-0144,2017-11-26,PASAJERO_ACOMPAÑANTE,AUTO,FEMENINO,50,1,6,GRAL PAZ,8,-58.47064556,-34.69843756,AUTO-OBJETO FIJO,AUTO,OBJETO FIJO
270,2017-0145,2017-11-26,CONDUCTOR,MOTO,MASCULINO,58,1,17,CALLE,5,-58.41677733,-34.61223119,MOTO-AUTO,MOTO,AUTO
271,2017-0147,2017-11-28,CONDUCTOR,MOTO,MASCULINO,49,1,11,GRAL PAZ,9,-58.5025179,-34.67450313,MOTO-AUTO,MOTO,AUTO
272,2017-0148,2017-11-29,PEATON,PEATON,FEMENINO,82,1,10,AVENIDA,3,-58.40708125,-34.62438894,PEATON-PASAJEROS,PEATON,PASAJEROS
273,2017-0149,2017-11-30,PEATON,PEATON,MASCULINO,13,1,12,AVENIDA,1,-58.36947198,-34.61477051,PEATON-PASAJEROS,PEATON,PASAJEROS
274,2017-0150,2017-12-04,PEATON,PEATON,MASCULINO,56,1,1,AVENIDA,9,-58.51140889,-34.63934531,PEATON-AUTO,PEATON,AUTO
275,2017-0151,2017-12-04,PEATON,PEATON,MASCULINO,42,1,2,CALLE,4,-58.37460912,-34.65559133,PEATON-PASAJEROS,PEATON,PASAJEROS
276,2017-0152,2017-12-06,CICLISTA,BICICLETA,MASCULINO,19,1,17,CALLE,4,-58.41146277,-34.65073916,BICICLETA-PASAJEROS,BICICLETA,PASAJEROS
277,2017-0153,2017-12-11,PASAJERO_ACOMPAÑANTE,MOTO,MASCULINO,42,2,2,AVENIDA,6,-58.42855267,-34.61829385,MOTO-PASAJEROS,MOTO,PASAJEROS
278,2017-0153,2017-12-11,CONDUCTOR,MOTO,MASCULINO,30,2,2,AVENIDA,6,-58.42855267,-34.61829385,MOTO-PASAJEROS,MOTO,PASAJEROS
279,2017-0154,2017-12-11,PEATON,PEATON,MASCULINO,76,1,9,AVENIDA,4,-58.39035581,-34.63412287,PEATON-PASAJEROS,PEATON,PASAJEROS
280,2017-0155,2017-12-12,SD,SD,MASCULINO,77,1,21,AVENIDA,7,-58.45593915,-34.62656868,SD-MOTO,SD,MOTO
281,2017-0157,2017-12-17,CONDUCTOR,AUTO,MASCULINO,53,1,9,GRAL PAZ,9,-58.52866211,-34.64597065,AUTO-PASAJEROS,AUTO,PASAJEROS
282,2017-0158,2017-12-18,CONDUCTOR,MOTO,MASCULINO,32,1,21,GRAL PAZ,11,-58.52037476,-34.59407024,MOTO-AUTO,MOTO,AUTO
283,2017-0159,2017-12-20,CONDUCTOR,MOTO,MASCULINO,27,1,4,AVENIDA,1,-58.38896772,-34.61799615,MOTO-AUTO,MOTO,AUTO
284,2017-0160,2017-12-22,PEATON,PEATON,FEMENINO,30,1,13,AVENIDA,7,-58.47074114,-34.62771756,PEATON-MOTO,PEATON,MOTO
285,2017-0161,2017-12-26,PEATON,PEATON,FEMENINO,30,1,15,AVENIDA,9,-58.48200819,-34.65969965,PEATON-AUTO,PEATON,AUTO
286,2018-0001,2018-01-01,PEATON,PEATON,MASCULINO,83,1,22,AVENIDA,3,-58.39536773,-34.62297346,PEATON-MOTO,PEATON,MOTO
287,2018-0002,2018-01-03,CICLISTA,BICICLETA,FEMENINO,26,1,16,CALLE,1,-58.37456088,-34.61895467,BICICLETA-PASAJEROS,BICICLETA,PASAJEROS
288,2018-0003,2018-01-05,PEATON,PEATON,FEMENINO,58,1,10,AVENIDA,15,-58.44860217,-34.60395657,MULTIPLE,PEATON,MULTIPLE
289,2018-0004,2018-01-09,CONDUCTOR,MOTO,MASCULINO,39,1,9,AVENIDA,13,-58.46129513,-34.54332766,MULTIPLE,MOTO,MULTIPLE
290,2018-0005,2018-01-09,PEATON,PEATON,MASCULINO,54,1,22,AVENIDA,1,-58.36907201,-34.61953517,PEATON-PASAJEROS,PEATON,PASAJEROS
291,2018-0006,2018-01-10,CICLISTA,BICICLETA,FEMENINO,45,1,21,CALLE,6,-58.44062219,-34.62499107,BICICLETA-PASAJEROS,BICICLETA,PASAJEROS
292,2018-0007,2018-01-11,CONDUCTOR,AUTO,MASCULINO,46,1,2,AUTOPISTA,9,-58.52502765,-34.63601265,AUTO-AUTO,AUTO,AUTO
293,2018-0008,2018-01-12,CONDUCTOR,MOTO,FEMENINO,32,1,17,AVENIDA,1,-58.36659655,-34.61687778,MOTO-CARGAS,MOTO,CARGAS
294,2018-0009,2018-01-14,CONDUCTOR,MOTO,MASCULINO,19,1,2,AVENIDA,4,-58.36737389,-34.62763661,MOTO-MOTO,MOTO,MOTO
295,2018-0010,2018-01-18,CONDUCTOR,MOTO,MASCULINO,40,1,5,CALLE,10,-58.49807953,-34.63038658,MOTO-CARGAS,MOTO,CARGAS
296,2018-0011,2018-01-19,PEATON,PEATON,MASCULINO,84,1,10,AVENIDA,2,-58.39092703,-34.59088447,PEATON-PASAJEROS,PEATON,PASAJEROS
297,2018-0012,2018-01-26,CONDUCTOR,MOTO,MASCULINO,20,1,13,CALLE,8,-58.46912006,-34.68049201,MOTO-PASAJEROS,MOTO,PASAJEROS
298,2018-0013,2018-01-28,CONDUCTOR,MOTO,MASCULINO,44,1,8,AVENIDA,12,-58.48661286,-34.56786129,MOTO-AUTO,MOTO,AUTO
299,2018-0014,2018-01-31,PEATON,PEATON,MASCULINO,42,1,20,AVENIDA,7,-58.44074927,-34.65080597,PEATON-MOTO,PEATON,MOTO
300,2018-0015,2018-02-06,CONDUCTOR,MOTO,MASCULINO,28,2,1,AVENIDA,4,-58.38636298,-34.64684275,MOTO-PASAJEROS,MOTO,PASAJEROS
301,2018-0015,2018-02-06,PASAJERO_ACOMPAÑANTE,MOTO,MASCULINO,19,2,1,AVENIDA,4,-58.38636298,-34.64684275,MOTO-PASAJEROS,MOTO,PASAJEROS
302,2018-0016,2018-02-15,CONDUCTOR,MOTO,MASCULINO,31,1,10,AVENIDA,1,-58.37533517,-34.59276462,MOTO-CARGAS,MOTO,CARGAS
303,2018-0017,2018-02-17,PEATON,PEATON,MASCULINO,35,1,4,AVENIDA,7,-58.46963952,-34.63070603,PEATON-AUTO,PEATON,AUTO
304,2018-0018,2018-02-17,CONDUCTOR,MOTO,MASCULINO,26,1,7,CALLE,4,-58.37207554,-34.64543658,MOTO-CARGAS,MOTO,CARGAS
305,2018-0019,2018-02-17,PEATON,PEATON,FEMENINO,80,1,12,AVENIDA,2,-58.39189441,-34.59176378,PEATON-PASAJEROS,PEATON,PASAJEROS
306,2018-0020,2018-02-19,CONDUCTOR,MOTO,MASCULINO,26,1,22,AUTOPISTA,8,-58.45012957,-34.66518343,MOTO-CARGAS,MOTO,CARGAS
307,2018-0021,2018-02-22,PEATON,PEATON,FEMENINO,62,1,10,AVENIDA,4,-58.40184094,-34.64546845,PEATON-PASAJEROS,PEATON,PASAJEROS
308,2018-0022,2018-02-24,CONDUCTOR,MOTO,MASCULINO,28,1,0,AVENIDA,4,-58.37441153,-34.63966783,MOTO-CARGAS,MOTO,CARGAS
309,2018-0023,2018-02-24,CONDUCTOR,MOTO,MASCULINO,28,1,6,CALLE,6,-58.44110156,-34.62082399,MOTO-AUTO,MOTO,AUTO
310,2018-0024,2018-02-28,PEATON,PEATON,MASCULINO,70,1,23,AVENIDA,15,-58.47087351,-34.57827342,PEATON-CARGAS,PEATON,CARGAS
311,2018-0025,2018-03-04,PEATON,PEATON,MASCULINO,70,1,22,AVENIDA,7,-58.4596221,-34.6224514,PEATON-AUTO,PEATON,AUTO
312,2018-0026,2018-03-09,CONDUCTOR,MOVIL,MASCULINO,24,2,4,AVENIDA,4,-58.41657793,-34.65476216,MOVIL-CARGAS,MOVIL,CARGAS
313,2018-0026,2018-03-09,PASAJERO_ACOMPAÑANTE,MOVIL,MASCULINO,30,2,4,AVENIDA,4,-58.41657793,-34.65476216,MOVIL-CARGAS,MOVIL,CARGAS
314,2018-0027,2018-03-11,PEATON,PEATON,FEMENINO,74,1,23,CALLE,5,-58.41911301,-34.63722107,PEATON-MOTO,PEATON,MOTO
315,2018-0028,2018-03-13,PEATON,PEATON,MASCULINO,71,1,15,AVENIDA,9,-58.47120586,-34.64251042,PEATON-CARGAS,PEATON,CARGAS
316,2018-0029,2018-03-15,CONDUCTOR,MOTO,MASCULINO,26,1,18,AVENIDA,11,-58.47418944,-34.62049672,MOTO-AUTO,MOTO,AUTO
317,2018-0030,2018-03-20,CONDUCTOR,MOTO,MASCULINO,24,1,1,AVENIDA,15,-58.46720441,-34.57905579,MOTO-MOTO,MOTO,MOTO
318,2018-0031,2018-03-28,CONDUCTOR,MOTO,MASCULINO,31,1,10,AVENIDA,11,-58.46909362,-34.6177971,MOTO-CARGAS,MOTO,CARGAS
319,2018-0032,2018-04-02,PEATON,PEATON,MASCULINO,70,1,13,AVENIDA,13,-58.44704343,-34.5688864,PEATON-PASAJEROS,PEATON,PASAJEROS
320,2018-0033,2018-04-07,CONDUCTOR,MOTO,FEMENINO,42,1,7,AVENIDA,10,-58.50535541,-34.62902048,MOTO-CARGAS,MOTO,CARGAS
321,2018-0034,2018-04-11,PEATON,PEATON,MASCULINO,24,1,18,AVENIDA,2,-58.40021675,-34.59522198,PEATON-PASAJEROS,PEATON,PASAJEROS
322,2018-0035,2018-04-12,PEATON,PEATON,FEMENINO,39,1,16,AVENIDA,7,-58.46325991,-34.62919627,PEATON-PASAJEROS,PEATON,PASAJEROS
323,2018-0036,2018-04-13,CONDUCTOR,MOTO,MASCULINO,37,1,23,AVENIDA,15,-58.49471482,-34.59694755,MOTO-AUTO,MOTO,AUTO
324,2018-0037,2018-04-18,PEATON,PEATON,MASCULINO,84,1,18,AVENIDA,2,-58.3987261,-34.59975962,PEATON-CARGAS,PEATON,CARGAS
325,2018-0038,2018-04-20,PEATON,PEATON,FEMENINO,59,2,17,AVENIDA,1,-58.38872177,-34.60885045,PEATON-AUTO,PEATON,AUTO
326,2018-0038,2018-04-20,PEATON,PEATON,MASCULINO,61,2,17,AVENIDA,1,-58.38872177,-34.60885045,PEATON-AUTO,PEATON,AUTO
327,2018-0039,2018-04-21,PEATON,PEATON,MASCULINO,37,1,22,AUTOPISTA,14,-58.4395778,-34.5511969,PEATON-AUTO,PEATON,AUTO
328,2018-0040,2018-04-27,PEATON,PEATON,FEMENINO,42,1,11,CALLE,13,-58.45686132,-34.57305993,PEATON-CARGAS,PEATON,CARGAS
329,2018-0041,2018-04-27,PEATON,PEATON,FEMENINO,78,1,13,AVENIDA,4,-58.42281627,-34.64282424,PEATON-PASAJEROS,PEATON,PASAJEROS
330,2018-0042,2018-04-27,PASAJERO_ACOMPAÑANTE,MOTO,MASCULINO,23,1,18,CALLE,4,-58.38666024,-34.63953396,MOTO-CARGAS,MOTO,CARGAS
331,2018-0043,2018-04-28,CONDUCTOR,MOTO,MASCULINO,25,1,6,AVENIDA,11,-58.49122843,-34.61207587,MOTO-AUTO,MOTO,AUTO
332,2018-0044,2018-04-28,PEATON,PEATON,FEMENINO,50,1,9,AVENIDA,3,-58.40098306,-34.61866627,PEATON-AUTO,PEATON,AUTO
333,2018-0045,2018-04-30,CONDUCTOR,AUTO,MASCULINO,60,1,7,AVENIDA,13,-58.45448963,-34.5791692,AUTO-CARGAS,AUTO,CARGAS
334,2018-0046,2018-05-02,PEATON,PEATON,MASCULINO,11,1,3,GRAL PAZ,9,-58.52927982,-34.63931752,PEATON-AUTO,PEATON,AUTO
335,2018-0047,2018-05-08,PEATON,PEATON,MASCULINO,82,1,19,AVENIDA,15,-58.44759966,-34.5917024,PEATON-PASAJEROS,PEATON,PASAJEROS
336,2018-0048,2018-05-09,PEATON,PEATON,MASCULINO,57,1,10,AVENIDA,7,-58.46411215,-34.62925068,PEATON-PASAJEROS,PEATON,PASAJEROS
337,2018-0049,2018-05-11,PEATON,PEATON,FEMENINO,40,1,19,CALLE,13,-58.4621322,-34.55395823,PEATON-AUTO,PEATON,AUTO
338,2018-0050,2018-05-14,PEATON,PEATON,FEMENINO,47,1,18,AVENIDA,13,-58.45669422,-34.5620361,PEATON-PASAJEROS,PEATON,PASAJEROS
339,2018-0051,2018-05-15,PEATON,PEATON,FEMENINO,57,1,21,CALLE,4,-58.3597716,-34.64341878,PEATON-AUTO,PEATON,AUTO
340,2018-0052,2018-05-18,PEATON,PEATON,MASCULINO,78,1,20,AVENIDA,15,-58.49820145,-34.59070093,PEATON-PASAJEROS,PEATON,PASAJEROS
341,2018-0053,2018-05-20,CONDUCTOR,MOTO,MASCULINO,43,1,2,CALLE,3,-58.4105928,-34.5993918,MOTO-AUTO,MOTO,AUTO
342,2018-0054,2018-05-22,PEATON,PEATON,FEMENINO,86,1,11,CALLE,12,-58.47969138,-34.57121563,PEATON-BICICLETA,PEATON,BICICLETA
343,2018-0055,2018-05-29,CONDUCTOR,MOTO,MASCULINO,21,1,7,AVENIDA,3,-58.40351561,-34.61883916,MOTO-AUTO,MOTO,AUTO
344,2018-0056,2018-06-02,PEATON,PEATON,FEMENINO,69,1,13,AVENIDA,9,-58.51973844,-34.63918987,PEATON-PASAJEROS,PEATON,PASAJEROS
345,2018-0057,2018-06-03,CONDUCTOR,MOTO,MASCULINO,33,1,3,CALLE,3,-58.39311376,-34.62163006,MOTO-PASAJEROS,MOTO,PASAJEROS
346,2018-0058,2018-06-03,CONDUCTOR,MOTO,MASCULINO,26,1,6,AVENIDA,15,-58.43531242,-34.59082159,MOTO-AUTO,MOTO,AUTO
347,2018-0059,2018-06-08,CONDUCTOR,MOTO,MASCULINO,54,1,6,AVENIDA,5,-58.41178165,-34.63035454,MOTO-MOVIL,MOTO,OTRO
348,2018-0060,2018-06-08,PEATON,PEATON,MASCULINO,51,1,12,AVENIDA,1,-58.370488,-34.60189492,PEATON-PASAJEROS,PEATON,PASAJEROS
349,2018-0061,2018-06-10,CONDUCTOR,MOTO,MASCULINO,51,1,11,CALLE,3,-58.39883882,-34.61964833,MOTO-MOTO,MOTO,MOTO
350,2018-0062,2018-06-14,PEATON,PEATON,MASCULINO,32,1,1,CALLE,6,-58.44110156,-34.62082399,PEATON-CARGAS,PEATON,CARGAS
351,2018-0063,2018-06-16,PEATON,PEATON,FEMENINO,28,1,21,AVENIDA,1,-58.37093138,-34.59952725,PEATON-PASAJEROS,PEATON,PASAJEROS
352,2018-0064,2018-06-25,CONDUCTOR,AUTO,MASCULINO,30,1,1,AVENIDA,7,-58.45855262,-34.63953253,AUTO-CARGAS,AUTO,CARGAS
353,2018-0065,2018-06-26,CONDUCTOR,MOTO,MASCULINO,35,1,17,CALLE,1,-58.38161909,-34.59283447,MOTO-CARGAS,MOTO,CARGAS
354,2018-0066,2018-06-28,PEATON,PEATON,MASCULINO,73,1,11,AVENIDA,15,-58.45511899,-34.58698157,PEATON-PASAJEROS,PEATON,PASAJEROS
355,2018-0067,2018-06-29,PASAJERO_ACOMPAÑANTE,PASAJEROS,FEMENINO,81,1,16,AVENIDA,4,-58.37724226,-34.62973033,PASAJEROS-AUTO,PASAJEROS,AUTO
356,2018-0068,2018-07-01,CONDUCTOR,MOTO,MASCULINO,21,1,9,AVENIDA,7,-58.45546217,-34.62930339,MOTO-AUTO,MOTO,AUTO
357,2018-0069,2018-07-04,CICLISTA,BICICLETA,MASCULINO,20,1,21,AVENIDA,2,-58.39897064,-34.59954925,BICICLETA-PASAJEROS,BICICLETA,PASAJEROS
358,2018-0070,2018-07-07,CONDUCTOR,MOTO,MASCULINO,33,1,15,CALLE,3,-58.40917826,-34.62126274,MOTO-PASAJEROS,MOTO,PASAJEROS
359,2018-0071,2018-07-10,CONDUCTOR,MOTO,MASCULINO,42,1,17,AVENIDA,1,-58.36726348,-34.61099738,MOTO-CARGAS,MOTO,CARGAS
360,2018-0072,2018-07-11,CONDUCTOR,MOTO,MASCULINO,27,1,13,AUTOPISTA,8,-58.48267426,-34.68454456,MOTO-CARGAS,MOTO,CARGAS
361,2018-0073,2018-07-11,PEATON,PEATON,FEMENINO,67,1,15,AVENIDA,4,-58.39546165,-34.65168841,PEATON-CARGAS,PEATON,CARGAS
362,2018-0074,2018-07-14,CONDUCTOR,AUTO,MASCULINO,25,1,6,AVENIDA,7,-58.46941984,-34.63376545,AUTO-CARGAS,AUTO,CARGAS
363,2018-0075,2018-07-15,PEATON,PEATON,MASCULINO,23,1,7,AVENIDA,14,-58.40367321,-34.58129246,PEATON-AUTO,PEATON,AUTO
364,2018-0076,2018-07-16,CONDUCTOR,AUTO,MASCULINO,73,1,9,CALLE,9,-58.52932872,-34.65014993,AUTO-CARGAS,AUTO,CARGAS
365,2018-0077,2018-07-16,CONDUCTOR,AUTO,MASCULINO,58,1,23,CALLE,3,-58.40917826,-34.62126274,AUTO-CARGAS,AUTO,CARGAS
366,2018-0078,2018-07-21,PEATON,PEATON,MASCULINO,27,1,6,CALLE,2,-58.41264127,-34.59473294,PEATON-AUTO,PEATON,AUTO
367,2018-0079,2018-07-23,PEATON,PEATON,MASCULINO,42,1,7,GRAL PAZ,9,-58.50877521,-34.66977709,PEATON-CARGAS,PEATON,CARGAS
368,2018-0080,2018-07-25,PEATON,PEATON,MASCULINO,26,1,22,AVENIDA,9,-58.51232237,-34.6590353,PEATON-AUTO,PEATON,AUTO
369,2018-0081,2018-07-29,PEATON,PEATON,MASCULINO,35,1,6,AVENIDA,7,-58.44744156,-34.64567171,MULTIPLE,PEATON,MULTIPLE
370,2018-0082,2018-08-01,CONDUCTOR,MOTO,FEMENINO,17,1,15,AVENIDA,9,-58.49441273,-34.65869968,MOTO-CARGAS,MOTO,CARGAS
371,2018-0083,2018-08-02,CONDUCTOR,MOTO,MASCULINO,42,1,5,GRAL PAZ,8,-58.47976785,-34.69153196,MOTO-CARGAS,MOTO,CARGAS
372,2018-0084,2018-08-03,PEATON,PEATON,MASCULINO,45,1,7,AVENIDA,1,-58.36523349,-34.62260331,PEATON-CARGAS,PEATON,CARGAS
373,2018-0085,2018-08-03,PASAJERO_ACOMPAÑANTE,MOTO,FEMENINO,22,2,18,AVENIDA,3,-58.39118948,-34.62704273,MOTO-PASAJEROS,MOTO,PASAJEROS
374,2018-0085,2018-08-03,CONDUCTOR,MOTO,MASCULINO,30,2,18,AVENIDA,3,-58.39118948,-34.62704273,MOTO-PASAJEROS,MOTO,PASAJEROS
375,2018-0086,2018-08-10,PEATON,PEATON,MASCULINO,40,1,21,AVENIDA,9,-58.49019551,-34.65015854,PEATON-PASAJEROS,PEATON,PASAJEROS
376,2018-0087,2018-08-15,PEATON,PEATON,MASCULINO,75,1,19,AVENIDA,5,-58.41644362,-34.63023775,PEATON-PASAJEROS,PEATON,PASAJEROS
377,2018-0088,2018-08-17,CONDUCTOR,MOTO,MASCULINO,42,1,16,GRAL PAZ,12,-58.5007381,-34.5497951,MOTO-CARGAS,MOTO,CARGAS
378,2018-0089,2018-08-17,PEATON,PEATON,MASCULINO,80,1,17,AVENIDA,4,-58.39626094,-34.63036565,PEATON-PASAJEROS,PEATON,PASAJEROS
379,2018-0090,2018-08-18,CONDUCTOR,MOTO,MASCULINO,27,1,10,AVENIDA,8,-58.43284809,-34.67051543,MOTO-AUTO,MOTO,AUTO
380,2018-0091,2018-08-19,PASAJERO_ACOMPAÑANTE,AUTO,FEMENINO,23,1,18,AUTOPISTA,9,-58.52280139,-34.63659934,AUTO-AUTO,AUTO,AUTO
381,2018-0092,2018-08-20,CONDUCTOR,MOTO,MASCULINO,23,1,8,AVENIDA,14,-58.4233693,-34.59774487,MOTO-AUTO,MOTO,AUTO
382,2018-0093,2018-08-20,PEATON,PEATON,MASCULINO,24,1,8,CALLE,1,-58.38691681,-34.63105973,PEATON-PASAJEROS,PEATON,PASAJEROS
383,2018-0094,2018-08-23,CONDUCTOR,MOTO,MASCULINO,32,1,5,CALLE,14,-58.4116902,-34.5857988,MOTO-PASAJEROS,MOTO,PASAJEROS
384,2018-0095,2018-08-26,PASAJERO_ACOMPAÑANTE,AUTO,FEMENINO,49,1,0,AVENIDA,9,-58.46739825,-34.65117757,AUTO-AUTO,AUTO,AUTO
385,2018-0096,2018-08-31,PEATON,PEATON,MASCULINO,39,1,22,AUTOPISTA,8,-58.44483258,-34.67152226,PEATON-AUTO,PEATON,AUTO
386,2018-0097,2018-09-02,CONDUCTOR,AUTO,FEMENINO,35,1,10,AVENIDA,8,-58.43254025,-34.66128115,AUTO-MOVIL,AUTO,OTRO
387,2018-0098,2018-09-09,CONDUCTOR,AUTO,MASCULINO,55,2,5,GRAL PAZ,8,-58.47199387,-34.69640164,AUTO-AUTO,AUTO,AUTO
388,2018-0098,2018-09-09,PASAJERO_ACOMPAÑANTE,AUTO,MASCULINO,54,2,5,GRAL PAZ,8,-58.47199387,-34.69640164,AUTO-AUTO,AUTO,AUTO
389,2018-0099,2018-09-12,PEATON,PEATON,MASCULINO,18,1,14,AVENIDA,7,-58.46411215,-34.62925068,PEATON-PASAJEROS,PEATON,PASAJEROS
390,2018-0100,2018-09-20,SD,MOTO,FEMENINO,33,1,10,AVENIDA,1,-58.36217754,-34.62367156,MOTO-AUTO,MOTO,AUTO
391,2018-0101,2018-09-21,CONDUCTOR,AUTO,MASCULINO,42,1,0,GRAL PAZ,12,-58.48098594,-34.5407313,MULTIPLE,AUTO,MULTIPLE
392,2018-0102,2018-09-21,CONDUCTOR,MOTO,MASCULINO,20,1,0,CALLE,4,-58.41083404,-34.64640709,MOTO-AUTO,MOTO,AUTO
393,2018-0103,2018-09-27,PEATON,PEATON,MASCULINO,1,1,17,AVENIDA,7,-58.44609828,-34.64446729,PEATON-MOTO,PEATON,MOTO
394,2018-0104,2018-10-01,CONDUCTOR,MOTO,MASCULINO,22,1,8,AUTOPISTA,4,-58.37709334,-34.64035082,MOTO-MOTO,MOTO,MOTO
395,2018-0105,2018-10-03,PEATON,PEATON,FEMENINO,56,1,18,AVENIDA,7,-58.46963952,-34.63070603,PEATON-PASAJEROS,PEATON,PASAJEROS
396,2018-0106,2018-10-04,CONDUCTOR,MOTO,MASCULINO,27,1,22,AVENIDA,13,-58.43674281,-34.55161027,MOTO-MOTO,MOTO,MOTO
397,2018-0107,2018-10-06,PEATON,PEATON,FEMENINO,62,1,14,AVENIDA,3,-58.4059686,-34.61011987,PEATON-PASAJEROS,PEATON,PASAJEROS
398,2018-0108,2018-10-09,CONDUCTOR,MOTO,MASCULINO,37,1,14,AVENIDA,1,-58.36154069,-34.60463618,MOTO-AUTO,MOTO,AUTO
399,2018-0109,2018-10-10,PEATON,PEATON,MASCULINO,34,1,22,AVENIDA,1,-58.37062179,-34.60066507,PEATON-PASAJEROS,PEATON,PASAJEROS
400,2018-0110,2018-10-13,PEATON,PEATON,MASCULINO,60,1,3,AVENIDA,15,-58.43220014,-34.60207186,PEATON-MOTO,PEATON,MOTO
401,2018-0111,2018-10-19,CONDUCTOR,MOTO,MASCULINO,28,1,12,AUTOPISTA,9,-58.46958442,-34.64949724,MOTO-CARGAS,MOTO,CARGAS
402,2018-0112,2018-10-24,CONDUCTOR,MOTO,FEMENINO,28,1,9,CALLE,15,-58.44671397,-34.59970903,MOTO-CARGAS,MOTO,CARGAS
403,2018-0113,2018-10-25,CONDUCTOR,MOTO,MASCULINO,20,1,11,CALLE,11,-58.47152163,-34.61474911,MOTO-CARGAS,MOTO,CARGAS
404,2018-0114,2018-10-30,CONDUCTOR,MOTO,MASCULINO,23,1,2,AVENIDA,1,-58.39032921,-34.61807951,MOTO-AUTO,MOTO,AUTO
405,2018-0115,2018-10-31,PEATON,PEATON,MASCULINO,42,1,12,CALLE,9,-58.52887773,-34.64297861,PEATON-PASAJEROS,PEATON,PASAJEROS
406,2018-0116,2018-11-01,PEATON,PEATON,MASCULINO,48,1,10,GRAL PAZ,8,-58.49371157,-34.67981324,PEATON-CARGAS,PEATON,CARGAS
407,2018-0117,2018-11-04,CONDUCTOR,MOTO,MASCULINO,30,1,8,AVENIDA,9,-58.48266599,-34.66012327,MOTO-MOTO,MOTO,MOTO
408,2018-0118,2018-11-05,PEATON,PEATON,FEMENINO,80,1,14,AVENIDA,3,-58.40612253,-34.60774301,PEATON-MOTO,PEATON,MOTO
409,2018-0119,2018-11-05,PEATON,PEATON,FEMENINO,32,1,22,AVENIDA,8,-58.43613623,-34.66292532,PEATON-SD,PEATON,SD
410,2018-0120,2018-11-09,PEATON,PEATON,FEMENINO,51,1,13,AVENIDA,12,-58.48250732,-34.57208238,PEATON-AUTO,PEATON,AUTO
411,2018-0121,2018-11-09,PEATON,PEATON,FEMENINO,72,1,16,AVENIDA,10,-58.49945705,-34.6374328,PEATON-PASAJEROS,PEATON,PASAJEROS
412,2018-0122,2018-11-12,CONDUCTOR,AUTO,MASCULINO,33,1,1,AUTOPISTA,8,-58.47743966,-34.67233407,AUTO-AUTO,AUTO,AUTO
413,2018-0123,2018-11-12,CONDUCTOR,AUTO,MASCULINO,25,1,3,GRAL PAZ,9,-58.5025179,-34.67450313,AUTO-SD,AUTO,SD
414,2018-0124,2018-11-15,CONDUCTOR,CARGAS,MASCULINO,44,1,19,AUTOPISTA,9,-58.52144411,-34.63682499,CARGAS-CARGAS,CARGAS,CARGAS
415,2018-0125,2018-11-16,PEATON,PEATON,MASCULINO,29,1,21,AVENIDA,4,-58.41650465,-34.65084045,PEATON-PASAJEROS,PEATON,PASAJEROS
416,2018-0126,2018-11-18,CONDUCTOR,MOTO,MASCULINO,27,1,12,GRAL PAZ,9,-58.52994219,-34.64055918,MOTO-AUTO,MOTO,AUTO
417,2018-0127,2018-11-19,CONDUCTOR,MOTO,MASCULINO,29,1,9,GRAL PAZ,12,-58.50993046,-34.56919739,MOTO-MOTO,MOTO,MOTO
418,2018-0128,2018-11-25,PASAJERO_ACOMPAÑANTE,AUTO,MASCULINO,49,2,4,GRAL PAZ,9,-58.52844623,-34.64592873,AUTO-PASAJEROS,AUTO,PASAJEROS
419,2018-0128,2018-11-25,PASAJERO_ACOMPAÑANTE,AUTO,FEMENINO,39,2,4,GRAL PAZ,9,-58.52844623,-34.64592873,AUTO-PASAJEROS,AUTO,PASAJEROS
420,2018-0129,2018-11-28,CONDUCTOR,MOTO,MASCULINO,37,1,4,AVENIDA,15,-58.45021367,-34.58695347,MOTO-PASAJEROS,MOTO,PASAJEROS
421,2018-0130,2018-12-03,CONDUCTOR,MOTO,MASCULINO,42,1,3,AVENIDA,10,-58.49022072,-34.62770192,MOTO-PASAJEROS,MOTO,PASAJEROS
422,2018-0131,2018-12-07,CONDUCTOR,MOTO,MASCULINO,29,1,19,AVENIDA,1,-58.36860866,-34.60106568,MOTO-CARGAS,MOTO,CARGAS
423,2018-0132,2018-12-12,PEATON,PEATON,MASCULINO,70,1,8,AUTOPISTA,2,-58.39490504,-34.57241534,PEATON-CARGAS,PEATON,CARGAS
424,2018-0133,2018-12-12,PEATON,PEATON,FEMENINO,60,1,14,AVENIDA,7,-58.46963952,-34.63070603,PEATON-CARGAS,PEATON,CARGAS
425,2018-0134,2018-12-12,PEATON,PEATON,MASCULINO,56,1,21,AVENIDA,7,-58.42349365,-34.64019887,PEATON-MOTO,PEATON,MOTO
426,2018-0135,2018-12-18,PEATON,PEATON,MASCULINO,80,1,14,AVENIDA,1,-58.37471802,-34.61265002,PEATON-PASAJEROS,PEATON,PASAJEROS
427,2018-0136,2018-12-18,PEATON,PEATON,FEMENINO,70,1,15,AVENIDA,7,-58.46438789,-34.62913916,PEATON-PASAJEROS,PEATON,PASAJEROS
428,2018-0137,2018-12-18,PASAJERO_ACOMPAÑANTE,MOTO,MASCULINO,29,1,20,CALLE,1,-58.38481975,-34.61100424,MOTO-PASAJEROS,MOTO,PASAJEROS
429,2018-0138,2018-12-21,PASAJERO_ACOMPAÑANTE,PASAJEROS,FEMENINO,79,1,9,CALLE,10,-58.50751833,-34.62073702,PASAJEROS-PASAJEROS,PASAJEROS,PASAJEROS
430,2018-0139,2018-12-22,PASAJERO_ACOMPAÑANTE,MOTO,MASCULINO,28,1,6,CALLE,7,-58.44682986,-34.63888084,MOTO-MOTO,MOTO,MOTO
431,2018-0140,2018-12-22,CONDUCTOR,AUTO,MASCULINO,78,1,8,CALLE,1,-58.3600465,-34.61381341,AUTO-AUTO,AUTO,AUTO
432,2018-0141,2018-12-22,PEATON,PEATON,MASCULINO,75,1,17,AVENIDA,5,-58.41509546,-34.62085945,PEATON-MOTO,PEATON,MOTO
433,2018-0142,2018-12-25,PASAJERO_ACOMPAÑANTE,CARGAS,MASCULINO,32,1,13,GRAL PAZ,12,-58.50997604,-34.57251072,CARGAS-PASAJEROS,CARGAS,PASAJEROS
434,2018-0143,2018-12-29,CONDUCTOR,MOTO,MASCULINO,22,1,5,AVENIDA,10,-58.48606475,-34.64047818,MOTO-AUTO,MOTO,AUTO
435,2019-0001,2019-01-08,CONDUCTOR,MOTO,MASCULINO,25,1,8,AVENIDA,2,-58.38526125,-34.5780581,MOTO-CARGAS,MOTO,CARGAS
436,2019-0002,2019-01-09,CONDUCTOR,AUTO,MASCULINO,32,1,4,AVENIDA,7,-58.45463662,-34.65082149,AUTO-CARGAS,AUTO,CARGAS
437,2019-0003,2019-01-12,CONDUCTOR,MOTO,MASCULINO,23,1,8,AVENIDA,15,-58.49121672,-34.59718073,MOTO-AUTO,MOTO,AUTO
438,2019-0004,2019-01-14,CONDUCTOR,AUTO,MASCULINO,71,1,19,AVENIDA,9,-58.47325712,-34.65284605,AUTO-PASAJEROS,AUTO,PASAJEROS
439,2019-0005,2019-01-19,CONDUCTOR,MOTO,MASCULINO,43,1,12,AVENIDA,10,-58.52108101,-34.63382309,MOTO-CARGAS,MOTO,CARGAS
440,2019-0006,2019-01-23,PEATON,PEATON,FEMENINO,12,1,5,AVENIDA,14,-58.41652702,-34.55509606,PEATON-AUTO,PEATON,AUTO
441,2019-0007,2019-01-26,CONDUCTOR,MOTO,MASCULINO,35,1,19,CALLE,5,-58.42891604,-34.6107166,MOTO-AUTO,MOTO,AUTO
442,2019-0008,2019-01-30,CONDUCTOR,MOTO,MASCULINO,42,1,22,GRAL PAZ,8,-58.47802293,-34.69156793,MULTIPLE,MOTO,MULTIPLE
443,2019-0009,2019-01-31,CONDUCTOR,MOTO,MASCULINO,34,1,14,AVENIDA,1,-58.37564821,-34.62200207,MOTO-AUTO,MOTO,AUTO
444,2019-0010,2019-02-02,PEATON,PEATON,MASCULINO,42,2,7,AVENIDA,14,-58.42668489,-34.56961468,PEATON-AUTO,PEATON,AUTO
445,2019-0010,2019-02-02,PEATON,PEATON,MASCULINO,59,2,7,AVENIDA,14,-58.42668489,-34.56961468,PEATON-AUTO,PEATON,AUTO
446,2019-0011,2019-02-10,PEATON,PEATON,MASCULINO,42,1,1,GRAL PAZ,9,-58.5183993,-34.66252488,PEATON-AUTO,PEATON,AUTO
447,2019-0012,2019-02-17,CONDUCTOR,MOTO,MASCULINO,31,1,3,AVENIDA,8,-58.48432691,-34.67665828,MOTO-AUTO,MOTO,AUTO
448,2019-0013,2019-02-20,PEATON,PEATON,MASCULINO,39,1,7,CALLE,7,-58.4338383,-34.64457699,PEATON-AUTO,PEATON,AUTO
449,2019-0014,2019-02-20,CONDUCTOR,MOTO,MASCULINO,69,1,17,CALLE,11,-58.51664939,-34.58657938,MOTO-OBJETO FIJO,MOTO,OBJETO FIJO
450,2019-0015,2019-02-23,CONDUCTOR,AUTO,MASCULINO,21,1,6,AVENIDA,11,-58.49613012,-34.59703502,AUTO-OBJETO FIJO,AUTO,OBJETO FIJO
451,2019-0016,2019-02-24,CONDUCTOR,MOTO,MASCULINO,40,1,2,CALLE,4,-58.38313603,-34.63356284,MOTO-PASAJEROS,MOTO,PASAJEROS
452,2019-0017,2019-03-03,CONDUCTOR,AUTO,MASCULINO,22,1,7,CALLE,3,-58.39914719,-34.61632317,AUTO-PASAJEROS,AUTO,PASAJEROS
453,2019-0018,2019-03-03,PEATON,PEATON,FEMENINO,29,1,23,AUTOPISTA,13,-58.44927253,-34.54048625,PEATON-AUTO,PEATON,AUTO
454,2019-0019,2019-03-06,CONDUCTOR,MOTO,MASCULINO,42,1,12,AVENIDA,13,-58.45049163,-34.55374003,MOTO-AUTO,MOTO,AUTO
455,2019-0020,2019-03-07,CONDUCTOR,MOTO,MASCULINO,43,1,21,AVENIDA,5,-58.41288952,-34.63572989,MOTO-AUTO,MOTO,AUTO
456,2019-0021,2019-03-15,CONDUCTOR,MOTO,MASCULINO,23,1,22,AVENIDA,7,-58.45743597,-34.62561234,MOTO-AUTO,MOTO,AUTO
457,2019-0022,2019-03-15,PASAJERO_ACOMPAÑANTE,AUTO,MASCULINO,42,1,0,AVENIDA,1,-58.39123782,-34.62352245,AUTO-SD,AUTO,SD
458,2019-0023,2019-03-16,CONDUCTOR,AUTO,MASCULINO,34,1,8,GRAL PAZ,9,-58.52922765,-34.63637963,AUTO-OBJETO FIJO,AUTO,OBJETO FIJO
459,2019-0024,2019-03-19,CONDUCTOR,MOTO,MASCULINO,32,1,7,AVENIDA,1,-58.37208118,-34.58541957,MOTO-CARGAS,MOTO,CARGAS
460,2019-0025,2019-03-22,PEATON,PEATON,MASCULINO,27,1,13,CALLE,5,-58.41458534,-34.60937557,PEATON-AUTO,PEATON,AUTO
461,2019-0026,2019-03-28,PEATON,PEATON,MASCULINO,42,1,7,AVENIDA,8,-58.47976785,-34.69153196,PEATON-PASAJEROS,PEATON,PASAJEROS
462,2019-0027,2019-03-28,CICLISTA,BICICLETA,MASCULINO,37,1,11,AVENIDA,2,-58.39990285,-34.59511714,MULTIPLE,BICICLETA,MULTIPLE
463,2019-0028,2019-04-06,PEATON,PEATON,FEMENINO,42,1,9,AVENIDA,11,-58.46051346,-34.60588536,PEATON-PASAJEROS,PEATON,PASAJEROS
464,2019-0029,2019-04-07,CONDUCTOR,MOTO,MASCULINO,27,1,10,AVENIDA,8,-58.47976785,-34.69153196,MOTO-OBJETO FIJO,MOTO,OBJETO FIJO
465,2019-0030,2019-04-09,CONDUCTOR,MOTO,MASCULINO,25,1,16,CALLE,7,-58.45457546,-34.62447891,MOTO-CARGAS,MOTO,CARGAS
466,2019-0031,2019-04-12,CICLISTA,BICICLETA,MASCULINO,20,1,19,AVENIDA,1,-58.36951669,-34.59832047,BICICLETA-CARGAS,BICICLETA,CARGAS
467,2019-0032,2019-04-16,PEATON,PEATON,FEMENINO,83,1,11,AVENIDA,11,-58.46415322,-34.6044379,PEATON-AUTO,PEATON,AUTO
468,2019-0033,2019-04-18,CONDUCTOR,MOTO,MASCULINO,25,1,1,AUTOPISTA,1,-58.36607137,-34.62150748,MOTO-SD,MOTO,SD
469,2019-0034,2019-04-21,CONDUCTOR,MOTO,MASCULINO,42,1,9,AVENIDA,7,-58.45537373,-34.65093074,MOTO-OBJETO FIJO,MOTO,OBJETO FIJO
470,2019-0035,2019-04-23,PEATON,PEATON,FEMENINO,75,1,14,CALLE,1,-58.37942637,-34.60053054,PEATON-BICICLETA,PEATON,BICICLETA
471,2019-0036,2019-04-26,CONDUCTOR,MOTO,MASCULINO,34,1,22,CALLE,6,-58.4368044,-34.62147504,MOTO-AUTO,MOTO,AUTO
472,2019-0037,2019-05-01,CONDUCTOR,MOTO,MASCULINO,17,1,23,AVENIDA,3,-58.40778291,-34.61971907,MOTO-AUTO,MOTO,AUTO
473,2019-0038,2019-05-04,PEATON,PEATON,FEMENINO,42,1,14,AVENIDA,13,-58.45212523,-34.54628513,PEATON-MOTO,PEATON,MOTO
474,2019-0105,2019-05-05,PEATON,PEATON,FEMENINO,82,1,11,AVENIDA,10,-58.50512382,-34.61520391,PEATON-AUTO,PEATON,AUTO
475,2019-0039,2019-05-09,CONDUCTOR,MOTO,MASCULINO,28,1,3,AVENIDA,7,-58.46749188,-34.63551751,MOTO-AUTO,MOTO,AUTO
476,2019-0040,2019-05-09,CONDUCTOR,MOTO,MASCULINO,44,1,12,CALLE,7,-58.4426358,-34.63679732,MOTO-SD,MOTO,SD
477,2019-0041,2019-05-11,PASAJERO_ACOMPAÑANTE,AUTO,FEMENINO,78,1,20,AVENIDA,9,-58.51140289,-34.65846419,MULTIPLE,AUTO,MULTIPLE
478,2019-0042,2019-05-14,PEATON,PEATON,MASCULINO,39,1,15,CALLE,1,-58.38211431,-34.62465368,PEATON-PASAJEROS,PEATON,PASAJEROS
479,2019-0043,2019-05-21,CICLISTA,BICICLETA,FEMENINO,42,1,9,AVENIDA,1,-58.36951669,-34.59832047,BICICLETA-CARGAS,BICICLETA,CARGAS
480,2019-0044,2019-05-27,PEATON,PEATON,FEMENINO,77,1,12,AVENIDA,5,-58.41635217,-34.62036547,PEATON-MOTO,PEATON,MOTO
481,2019-0045,2019-06-03,CONDUCTOR,MOTO,MASCULINO,33,1,7,AVENIDA,14,-58.41316147,-34.57579669,MOTO-CARGAS,MOTO,CARGAS
482,2019-0046,2019-06-04,PASAJERO_ACOMPAÑANTE,MOTO,FEMENINO,26,1,9,GRAL PAZ,13,-58.47617802,-34.53825652,MOTO-AUTO,MOTO,AUTO
483,2019-0047,2019-06-06,PEATON,PEATON,MASCULINO,76,1,10,AVENIDA,4,-58.38641783,-34.63330028,PEATON-CARGAS,PEATON,CARGAS
484,2019-0048,2019-06-07,CONDUCTOR,MOTO,MASCULINO,32,1,7,AVENIDA,6,-58.45322169,-34.62038137,MOTO-CARGAS,MOTO,CARGAS
485,2019-0049,2019-06-08,PEATON,PEATON,FEMENINO,72,1,9,CALLE,13,-58.45849057,-34.56166498,PEATON-CARGAS,PEATON,CARGAS
486,2019-0050,2019-06-08,CONDUCTOR,MOTO,MASCULINO,21,1,23,AVENIDA,14,-58.41829559,-34.59411677,MOTO-CARGAS,MOTO,CARGAS
487,2019-0051,2019-06-11,CONDUCTOR,MOTO,MASCULINO,41,1,10,CALLE,4,-58.36376488,-34.63832093,MOTO-AUTO,MOTO,AUTO
488,2019-0053,2019-06-14,PASAJERO_ACOMPAÑANTE,AUTO,MASCULINO,49,1,17,AVENIDA,8,-58.46442668,-34.66004784,AUTO-AUTO,AUTO,AUTO
489,2019-0054,2019-06-20,CONDUCTOR,MOTO,MASCULINO,21,1,3,CALLE,15,-58.48222035,-34.58428769,MOTO-OBJETO FIJO,MOTO,OBJETO FIJO
490,2019-0055,2019-06-20,CONDUCTOR,MOTO,MASCULINO,47,1,19,AVENIDA,1,-58.36819005,-34.60283208,MOTO-PASAJEROS,MOTO,PASAJEROS
491,2019-0056,2019-06-29,PEATON,PEATON,FEMENINO,75,1,17,AVENIDA,7,-58.45877601,-34.62330939,PEATON-AUTO,PEATON,AUTO
492,2019-0057,2019-07-05,PEATON,PEATON,FEMENINO,63,1,19,CALLE,13,-58.44196498,-34.55760517,PEATON-AUTO,PEATON,AUTO
493,2019-0058,2019-07-10,CONDUCTOR,MOTO,MASCULINO,39,1,9,AUTOPISTA,10,-58.50622631,-34.63627822,MOTO-PASAJEROS,MOTO,PASAJEROS
494,2019-0059,2019-07-13,CONDUCTOR,MOTO,MASCULINO,30,1,22,CALLE,1,-58.3841088,-34.63099197,MOTO-PASAJEROS,MOTO,PASAJEROS
495,2019-0060,2019-07-17,PEATON,PEATON,FEMENINO,78,1,11,AVENIDA,10,-58.48100602,-34.63504312,PEATON-AUTO,PEATON,AUTO
496,2019-0061,2019-07-17,PEATON,PEATON,FEMENINO,58,1,18,CALLE,13,-58.45200171,-34.5578132,PEATON-PASAJEROS,PEATON,PASAJEROS
497,2019-0062,2019-08-01,PEATON,PEATON,FEMENINO,60,1,23,AVENIDA,13,-58.44462132,-34.56201105,PEATON-PASAJEROS,PEATON,PASAJEROS
498,2019-0063,2019-08-04,PASAJERO_ACOMPAÑANTE,MOTO,MASCULINO,42,1,1,AVENIDA,15,-58.45220688,-34.58711712,MOTO-PASAJEROS,MOTO,PASAJEROS
499,2019-0064,2019-08-06,CONDUCTOR,MOTO,MASCULINO,20,1,3,AVENIDA,7,-58.4596221,-34.6224514,MOTO-AUTO,MOTO,AUTO
500,2019-0065,2019-08-08,PEATON,PEATON,FEMENINO,55,1,16,CALLE,4,-58.4197085,-34.65414867,PEATON-PASAJEROS,PEATON,PASAJEROS
501,2019-0066,2019-08-11,PEATON,PEATON,MASCULINO,40,1,21,AVENIDA,7,-58.44187596,-34.64938031,PEATON-AUTO,PEATON,AUTO
502,2019-0067,2019-08-14,CONDUCTOR,MOTO,MASCULINO,35,1,15,CALLE,10,-58.49101637,-34.64276621,MOTO-CARGAS,MOTO,CARGAS
503,2019-0068,2019-08-14,CONDUCTOR,MOTO,MASCULINO,53,1,17,AVENIDA,8,-58.42493829,-34.66256502,MOTO-MOTO,MOTO,MOTO
504,2019-0069,2019-08-17,CONDUCTOR,MOTO,MASCULINO,43,1,5,AVENIDA,4,-58.40489318,-34.62930162,MOTO-AUTO,MOTO,AUTO
505,2019-0070,2019-08-22,CONDUCTOR,MOTO,MASCULINO,25,1,12,AVENIDA,14,-58.4268668,-34.59217875,MOTO-BICICLETA,MOTO,BICICLETA
506,2019-0071,2019-08-27,PEATON,PEATON,MASCULINO,42,1,11,AVENIDA,9,-58.479611,-34.65620398,PEATON-CARGAS,PEATON,CARGAS
507,2019-0072,2019-08-28,CONDUCTOR,AUTO,MASCULINO,22,1,6,AVENIDA,10,-58.47439934,-34.63524207,AUTO-AUTO,AUTO,AUTO
508,2019-0073,2019-08-29,CONDUCTOR,AUTO,MASCULINO,29,1,1,AVENIDA,15,-58.46711912,-34.57926018,AUTO-OBJETO FIJO,AUTO,OBJETO FIJO
509,2019-0074,2019-08-29,CONDUCTOR,MOTO,MASCULINO,35,1,9,AUTOPISTA,13,-58.46514781,-34.53465378,MOTO-CARGAS,MOTO,CARGAS
510,2019-0075,2019-08-30,CONDUCTOR,MOTO,MASCULINO,31,1,23,CALLE,4,-58.37571078,-34.65584079,MOTO-PASAJEROS,MOTO,PASAJEROS
511,2019-0076,2019-09-05,CONDUCTOR,MOTO,FEMENINO,29,1,18,AUTOPISTA,4,-58.37157668,-34.65429986,MOTO-CARGAS,MOTO,CARGAS
512,2019-0077,2019-09-08,PEATON,PEATON,FEMENINO,28,1,3,AVENIDA,14,-58.39811256,-34.58070186,PEATON-AUTO,PEATON,AUTO
513,2019-0078,2019-09-12,PEATON,PEATON,FEMENINO,72,1,8,AVENIDA,4,-58.41125934,-34.6541774,PEATON-CARGAS,PEATON,CARGAS
514,2019-0079,2019-09-17,CONDUCTOR,MOTO,MASCULINO,57,1,5,CALLE,5,-58.41822901,-34.61866836,MOTO-PASAJEROS,MOTO,PASAJEROS
515,2019-0080,2019-09-17,PEATON,PEATON,MASCULINO,76,1,18,GRAL PAZ,13,-58.47617802,-34.53825652,PEATON-MOTO,PEATON,MOTO
516,2019-0081,2019-09-23,PEATON,PEATON,MASCULINO,67,1,16,AVENIDA,15,-58.46141281,-34.58623761,PEATON-PASAJEROS,PEATON,PASAJEROS
517,2019-0082,2019-09-25,CICLISTA,BICICLETA,MASCULINO,47,1,7,AVENIDA,8,-58.42985146,-34.6611974,BICICLETA-CARGAS,BICICLETA,CARGAS
518,2019-0083,2019-09-26,CONDUCTOR,AUTO,MASCULINO,73,1,8,CALLE,9,-58.48457413,-34.6583909,AUTO-AUTO,AUTO,AUTO
519,2019-0084,2019-09-27,CICLISTA,BICICLETA,FEMENINO,40,1,11,CALLE,7,-58.46572884,-34.63628186,BICICLETA-CARGAS,BICICLETA,CARGAS
520,2019-0085,2019-10-09,CICLISTA,BICICLETA,MASCULINO,20,1,22,CALLE,10,-58.49261744,-34.6341913,BICICLETA-TREN,BICICLETA,TREN
521,2019-0086,2019-10-15,CONDUCTOR,MOTO,MASCULINO,29,1,14,AVENIDA,15,-58.45283186,-34.5884156,MOTO-PASAJEROS,MOTO,PASAJEROS
522,2019-0087,2019-10-21,CONDUCTOR,MOTO,MASCULINO,41,1,21,AVENIDA,12,-58.47973681,-34.57418656,MOTO-MOTO,MOTO,MOTO
523,2019-0088,2019-10-22,PEATON,PEATON,MASCULINO,27,1,20,AVENIDA,4,-58.40623949,-34.65076549,PEATON-PASAJEROS,PEATON,PASAJEROS
524,2019-0089,2019-10-23,PEATON,PEATON,FEMENINO,92,1,15,AVENIDA,4,-58.36244648,-34.63107887,PEATON-CARGAS,PEATON,CARGAS
525,2019-0090,2019-10-24,PEATON,PEATON,MASCULINO,67,1,18,AVENIDA,9,-58.49962423,-34.64868027,PEATON-MOTO,PEATON,MOTO
526,2019-0091,2019-11-01,PEATON,PEATON,MASCULINO,35,1,20,AVENIDA,15,-58.44551437,-34.59559816,PEATON-PASAJEROS,PEATON,PASAJEROS
527,2019-0092,2019-11-03,PEATON,PEATON,MASCULINO,37,1,10,CALLE,4,-58.35608181,-34.63420319,PEATON-PASAJEROS,PEATON,PASAJEROS
528,2019-0093,2019-11-13,CICLISTA,BICICLETA,MASCULINO,16,1,11,AVENIDA,11,-58.46483679,-34.60907662,BICICLETA-OTRO,BICICLETA,OTRO
529,2019-0094,2019-11-18,PASAJERO_ACOMPAÑANTE,MOTO,FEMENINO,42,1,14,CALLE,15,-58.44368628,-34.59724326,MOTO-OTRO,MOTO,OTRO
530,2019-0095,2019-11-20,CONDUCTOR,MOTO,MASCULINO,42,1,15,AUTOPISTA,1,-58.37864583,-34.62907067,MOTO-CARGAS,MOTO,CARGAS
531,2019-0096,2019-11-22,PEATON,PEATON,MASCULINO,73,1,19,AVENIDA,1,-58.37560352,-34.62726382,PEATON-PASAJEROS,PEATON,PASAJEROS
532,2019-0097,2019-11-25,PASAJERO_ACOMPAÑANTE,MOTO,FEMENINO,23,1,8,AUTOPISTA,9,-58.47721439,-34.64815069,MULTIPLE,MOTO,MULTIPLE
533,2019-0098,2019-11-25,PASAJERO_ACOMPAÑANTE,PASAJEROS,FEMENINO,61,1,14,AVENIDA,15,-58.45134029,-34.58984288,PASAJEROS-PASAJEROS,PASAJEROS,PASAJEROS
534,2019-0100,2019-12-05,CONDUCTOR,MOTO,MASCULINO,38,1,17,AVENIDA,12,-58.49040794,-34.58368803,MOTO-AUTO,MOTO,AUTO
535,2019-0101,2019-12-17,CONDUCTOR,MOTO,MASCULINO,25,1,4,AVENIDA,4,-58.42102679,-34.64991178,MOTO-MOTO,MOTO,MOTO
536,2019-0102,2019-12-17,CONDUCTOR,MOTO,MASCULINO,18,1,14,CALLE,9,-58.52219407,-34.64143926,MOTO-AUTO,MOTO,AUTO
537,2019-0103,2019-12-18,CONDUCTOR,MOTO,MASCULINO,24,1,7,GRAL PAZ,11,-58.52169422,-34.5947164,MOTO-MOTO,MOTO,MOTO
538,2019-0104,2019-12-21,PASAJERO_ACOMPAÑANTE,MOTO,FEMENINO,23,1,4,AVENIDA,10,-58.47460416,-34.63206174,MOTO-AUTO,MOTO,AUTO
539,2020-0001,2020-01-04,PEATON,PEATON,FEMENINO,87,1,10,CALLE,15,-58.43910409,-34.59213355,PEATON-AUTO,PEATON,AUTO
540,2020-0002,2020-01-05,CONDUCTOR,MOTO,MASCULINO,36,1,20,AVENIDA,7,-58.45019436,-34.64646409,MOTO-OBJETO FIJO,MOTO,OBJETO FIJO
541,2020-0003,2020-01-11,PEATON,PEATON,MASCULINO,44,1,6,AVENIDA,3,-58.39337644,-34.60927582,PEATON-AUTO,PEATON,AUTO
542,2020-0004,2020-01-14,PEATON,PEATON,MASCULINO,82,1,21,AVENIDA,1,-58.39055614,-34.60919284,PEATON-PASAJEROS,PEATON,PASAJEROS
543,2020-0005,2020-01-14,CONDUCTOR,MOTO,MASCULINO,25,1,6,AVENIDA,3,-58.41036975,-34.62477021,MOTO-PASAJEROS,MOTO,PASAJEROS
544,2020-0006,2020-01-20,CONDUCTOR,MOTO,MASCULINO,23,1,12,AVENIDA,8,-58.44925765,-34.65412546,MOTO-CARGAS,MOTO,CARGAS
545,2020-0007,2020-01-27,PEATON,PEATON,MASCULINO,52,1,0,CALLE,1,-58.3815685,-34.61648696,PEATON-MOTO,PEATON,MOTO
546,2020-0008,2020-01-30,CONDUCTOR,MOTO,MASCULINO,49,1,7,AVENIDA,2,-58.40662899,-34.59804521,MOTO-CARGAS,MOTO,CARGAS
547,2020-0009,2020-02-04,PEATON,PEATON,MASCULINO,48,1,14,CALLE,5,-58.41985649,-34.6060085,PEATON-AUTO,PEATON,AUTO
548,2020-0010,2020-02-08,CONDUCTOR,MOTO,MASCULINO,42,1,5,AVENIDA,1,-58.38099833,-34.62214953,MOTO-OBJETO FIJO,MOTO,OBJETO FIJO
549,2020-0011,2020-02-12,CONDUCTOR,MOTO,MASCULINO,31,1,11,CALLE,5,-58.41803309,-34.61823178,MOTO-CARGAS,MOTO,CARGAS
550,2020-0012,2020-02-18,PEATON,PEATON,FEMENINO,66,1,21,CALLE,3,-58.40604003,-34.61783553,PEATON-MOTO,PEATON,MOTO
551,2020-0013,2020-02-20,PEATON,PEATON,FEMENINO,58,1,12,AVENIDA,15,-58.47549929,-34.57994061,PEATON-MOTO,PEATON,MOTO
552,2020-0014,2020-02-27,CONDUCTOR,MOTO,MASCULINO,42,1,2,CALLE,11,-58.51398484,-34.61600366,MOTO-PASAJEROS,MOTO,PASAJEROS
553,2020-0015,2020-02-28,CONDUCTOR,MOTO,MASCULINO,29,1,14,AVENIDA,1,-58.36797542,-34.62519403,MOTO-PASAJEROS,MOTO,PASAJEROS
554,2020-0016,2020-02-29,PEATON,PEATON,MASCULINO,68,1,13,AVENIDA,1,-58.37133616,-34.59879316,PEATON-PASAJEROS,PEATON,PASAJEROS
555,2020-0017,2020-03-05,PEATON,PEATON,MASCULINO,42,1,23,AVENIDA,3,-58.39613805,-34.61413568,PEATON-AUTO,PEATON,AUTO
556,2020-0018,2020-03-09,CONDUCTOR,MOTO,MASCULINO,31,1,14,AVENIDA,13,-58.44903073,-34.54200276,MOTO-OBJETO FIJO,MOTO,OBJETO FIJO
557,2020-0019,2020-03-10,PEATON,PEATON,FEMENINO,80,1,21,CALLE,5,-58.41972364,-34.6284667,PEATON-AUTO,PEATON,AUTO
558,2020-0020,2020-03-13,PEATON,PEATON,FEMENINO,74,1,17,AVENIDA,3,-58.40571596,-34.60557123,PEATON-MOTO,PEATON,MOTO
559,2020-0021,2020-03-14,PEATON,PEATON,FEMENINO,87,1,16,CALLE,2,-58.4145159,-34.59488319,PEATON-AUTO,PEATON,AUTO
560,2020-0022,2020-04-07,PASAJERO_ACOMPAÑANTE,AUTO,MASCULINO,44,1,6,AUTOPISTA,9,-58.47297505,-34.66245085,AUTO-CARGAS,AUTO,CARGAS
561,2020-0023,2020-04-09,CONDUCTOR,AUTO,MASCULINO,44,1,18,AVENIDA,4,-58.35791192,-34.63695178,AUTO-CARGAS,AUTO,CARGAS
562,2020-0024,2020-04-24,CONDUCTOR,AUTO,MASCULINO,53,1,7,CALLE,9,-58.50801713,-34.65177305,AUTO-AUTO,AUTO,AUTO
563,2020-0025,2020-05-12,PEATON,PEATON,MASCULINO,42,1,5,AVENIDA,3,-58.40258477,-34.60975108,PEATON-AUTO,PEATON,AUTO
564,2020-0026,2020-05-17,CONDUCTOR,MOTO,MASCULINO,28,1,6,AUTOPISTA,14,-58.439771,-34.5495252,MOTO-OBJETO FIJO,MOTO,OBJETO FIJO
565,2020-0027,2020-05-18,PEATON,PEATON,MASCULINO,76,1,8,AVENIDA,8,-58.48267426,-34.68454456,PEATON-CARGAS,PEATON,CARGAS
566,2020-0028,2020-05-19,PEATON,PEATON,MASCULINO,91,1,10,AVENIDA,15,-58.44248936,-34.60221948,PEATON-PASAJEROS,PEATON,PASAJEROS
567,2020-0029,2020-06-10,PEATON,PEATON,MASCULINO,80,1,14,GRAL PAZ,9,-58.52909134,-34.63886726,PEATON-PASAJEROS,PEATON,PASAJEROS
568,2020-0030,2020-06-16,CONDUCTOR,MOTO,MASCULINO,40,1,15,AVENIDA,6,-58.45158942,-34.6064658,MULTIPLE,MOTO,MULTIPLE
569,2020-0031,2020-06-30,CONDUCTOR,MOTO,MASCULINO,29,1,8,AVENIDA,9,-58.49344309,-34.65788529,MOTO-CARGAS,MOTO,CARGAS
570,2020-0032,2020-07-10,CONDUCTOR,MOTO,MASCULINO,21,1,23,AVENIDA,15,-58.44259166,-34.59635137,MOTO-AUTO,MOTO,AUTO
571,2020-0033,2020-07-19,CONDUCTOR,AUTO,MASCULINO,32,1,6,GRAL PAZ,13,-58.46743471,-34.53476874,AUTO-OBJETO FIJO,AUTO,OBJETO FIJO
572,2020-0034,2020-08-02,PEATON,PEATON,FEMENINO,42,1,3,CALLE,3,-58.41178158,-34.60922259,PEATON-AUTO,PEATON,AUTO
573,2020-0035,2020-08-04,CONDUCTOR,MOTO,MASCULINO,40,1,5,AUTOPISTA,7,-58.45068621,-34.63638927,MOTO-PASAJEROS,MOTO,PASAJEROS
574,2020-0036,2020-08-07,PEATON,PEATON,MASCULINO,72,1,18,AVENIDA,14,-58.42016954,-34.5877879,PEATON-MOTO,PEATON,MOTO
575,2020-0037,2020-08-29,PEATON,PEATON,MASCULINO,38,1,4,AVENIDA,8,-58.43850413,-34.65554754,PEATON-AUTO,PEATON,AUTO
576,2020-0038,2020-08-30,CONDUCTOR,AUTO,MASCULINO,46,2,4,AVENIDA,14,-58.40617526,-34.58345898,AUTO-AUTO,AUTO,AUTO
577,2020-0038,2020-08-30,CONDUCTOR,AUTO,MASCULINO,64,2,4,AVENIDA,14,-58.40617526,-34.58345898,AUTO-AUTO,AUTO,AUTO
578,2020-0039,2020-09-01,PEATON,PEATON,MASCULINO,44,1,19,CALLE,9,-58.4978465,-34.6633327,PEATON-CARGAS,PEATON,CARGAS
579,2020-0040,2020-09-12,CONDUCTOR,AUTO,MASCULINO,42,1,3,AVENIDA,2,-58.38526125,-34.5780581,AUTO-OBJETO FIJO,AUTO,OBJETO FIJO
580,2020-0041,2020-09-28,CONDUCTOR,MOTO,MASCULINO,34,1,1,AVENIDA,7,-58.4475047,-34.63491705,MOTO-PASAJEROS,MOTO,PASAJEROS
581,2020-0042,2020-09-29,PEATON,PEATON,FEMENINO,53,1,17,AVENIDA,8,-58.46745752,-34.68192648,PEATON-PASAJEROS,PEATON,PASAJEROS
582,2020-0043,2020-09-30,PEATON,PEATON,MASCULINO,64,1,17,AVENIDA,1,-58.37202621,-34.59717942,PEATON-PASAJEROS,PEATON,PASAJEROS
583,2020-0044,2020-10-05,CONDUCTOR,AUTO,MASCULINO,43,1,0,AVENIDA,6,-58.42779702,-34.62207347,AUTO-AUTO,AUTO,AUTO
584,2020-0045,2020-10-19,CONDUCTOR,AUTO,MASCULINO,50,1,3,GRAL PAZ,8,-58.46244952,-34.70524971,AUTO-CARGAS,AUTO,CARGAS
585,2020-0046,2020-10-27,CONDUCTOR,MOTO,MASCULINO,41,1,21,AVENIDA,11,-58.4844016,-34.60776782,MOTO-MOTO,MOTO,MOTO
586,2020-0047,2020-10-27,PEATON,PEATON,MASCULINO,15,1,14,AUTOPISTA,9,-58.46668375,-34.65174801,PEATON-CARGAS,PEATON,CARGAS
587,2020-0048,2020-10-29,CONDUCTOR,MOTO,MASCULINO,41,1,20,AVENIDA,15,-58.4495878,-34.59322448,MOTO-OBJETO FIJO,MOTO,OBJETO FIJO
588,2020-0049,2020-10-30,PEATON,PEATON,MASCULINO,36,1,20,AVENIDA,1,-58.37533517,-34.59276462,PEATON-AUTO,PEATON,AUTO
589,2020-0050,2020-11-01,PEATON,PEATON,FEMENINO,28,1,22,AVENIDA,14,-58.42525456,-34.57866344,PEATON-MOTO,PEATON,MOTO
590,2020-0051,2020-11-05,CONDUCTOR,MOTO,MASCULINO,49,1,0,AVENIDA,10,-58.48493828,-34.62981124,MOTO-AUTO,MOTO,AUTO
591,2020-0052,2020-11-07,CICLISTA,BICICLETA,MASCULINO,44,1,6,AVENIDA,3,-58.40480504,-34.60183884,BICICLETA-CARGAS,BICICLETA,CARGAS
592,2020-0053,2020-11-09,PASAJERO_ACOMPAÑANTE,AUTO,MASCULINO,27,1,3,AVENIDA,4,-58.41125934,-34.6541774,AUTO-AUTO,AUTO,AUTO
593,2020-0054,2020-11-19,CICLISTA,BICICLETA,MASCULINO,59,1,9,CALLE,4,-58.39956546,-34.6297708,BICICLETA-AUTO,BICICLETA,AUTO
594,2020-0055,2020-11-19,PEATON,PEATON,MASCULINO,91,1,12,AVENIDA,12,-58.49005682,-34.5786897,PEATON-CARGAS,PEATON,CARGAS
595,2020-0056,2020-11-21,CONDUCTOR,MOTO,FEMENINO,34,1,13,GRAL PAZ,8,-58.47064556,-34.69843756,MOTO-CARGAS,MOTO,CARGAS
596,2020-0057,2020-11-23,PEATON,PEATON,MASCULINO,84,1,7,AVENIDA,11,-58.4750156,-34.61945902,PEATON-AUTO,PEATON,AUTO
597,2020-0058,2020-11-24,PEATON,PEATON,MASCULINO,57,1,16,AVENIDA,10,-58.48727942,-34.63652467,PEATON-AUTO,PEATON,AUTO
598,2020-0059,2020-12-01,PEATON,PEATON,FEMENINO,49,1,6,CALLE,1,-58.3795169,-34.62794241,PEATON-PASAJEROS,PEATON,PASAJEROS
599,2020-0060,2020-12-03,PEATON,PEATON,FEMENINO,69,1,20,AVENIDA,9,-58.47750832,-34.65672199,PEATON-MOTO,PEATON,MOTO
600,2020-0061,2020-12-03,CONDUCTOR,MOTO,MASCULINO,45,1,14,AUTOPISTA,13,-58.44927253,-34.54048625,MOTO-CARGAS,MOTO,CARGAS
601,2020-0062,2020-12-04,CICLISTA,BICICLETA,MASCULINO,47,1,17,CALLE,3,-58.39246272,-34.61253541,BICICLETA-PASAJEROS,BICICLETA,PASAJEROS
602,2020-0063,2020-12-05,PEATON,PEATON,MASCULINO,38,2,7,CALLE,11,-58.52783814,-34.61047001,PEATON_MOTO-MOTO,OTROS,MOTO
603,2020-0063,2020-12-05,PASAJERO_ACOMPAÑANTE,MOTO,MASCULINO,21,2,7,CALLE,11,-58.52783814,-34.61047001,PEATON_MOTO-MOTO,OTROS,MOTO
604,2020-0065,2020-12-05,CONDUCTOR,MOTO,MASCULINO,24,1,16,GRAL PAZ,12,-58.49332664,-34.54836855,MOTO-AUTO,MOTO,AUTO
605,2020-0066,2020-12-07,CONDUCTOR,MOTO,MASCULINO,27,1,4,AUTOPISTA,10,-58.50178784,-34.63593897,MOTO-OBJETO FIJO,MOTO,OBJETO FIJO
606,2020-0067,2020-12-11,PEATON,PEATON,MASCULINO,51,1,22,AVENIDA,4,-58.41657793,-34.65476216,PEATON-PASAJEROS,PEATON,PASAJEROS
607,2020-0068,2020-12-12,CONDUCTOR,MOTO,MASCULINO,71,1,20,AVENIDA,2,-58.39731474,-34.58307887,MOTO-AUTO,MOTO,AUTO
608,2020-0069,2020-12-15,PASAJERO_ACOMPAÑANTE,MOTO,MASCULINO,25,1,5,AVENIDA,1,-58.38746381,-34.61790839,MOTO-PASAJEROS,MOTO,PASAJEROS
609,2020-0070,2020-12-17,PEATON,PEATON,FEMENINO,81,1,15,AVENIDA,2,-58.39189441,-34.59176378,PEATON-PASAJEROS,PEATON,PASAJEROS
610,2020-0071,2020-12-17,PEATON,PEATON,MASCULINO,4,1,23,AVENIDA,7,-58.46749188,-34.63551751,PEATON-AUTO,PEATON,AUTO
611,2020-0072,2020-12-19,CICLISTA,BICICLETA,MASCULINO,42,1,3,AVENIDA,3,-58.40280471,-34.62113271,BICICLETA-AUTO,BICICLETA,AUTO
612,2020-0073,2020-12-20,CONDUCTOR,MOTO,MASCULINO,56,1,7,AVENIDA,8,-58.44451316,-34.68475866,MOTO-OBJETO FIJO,MOTO,OBJETO FIJO
613,2020-0074,2020-12-20,CONDUCTOR,AUTO,MASCULINO,39,1,21,AVENIDA,7,-58.47110424,-34.62742408,AUTO-AUTO,AUTO,AUTO
614,2020-0075,2020-12-23,PEATON,PEATON,MASCULINO,23,1,14,AVENIDA,1,-58.38220928,-34.60373898,PEATON-PASAJEROS,PEATON,PASAJEROS
615,2020-0076,2020-12-24,CONDUCTOR,AUTO,FEMENINO,78,1,12,AVENIDA,10,-58.49794468,-34.61565025,AUTO-PASAJEROS,AUTO,PASAJEROS
616,2020-0077,2020-12-25,CONDUCTOR,MOTO,FEMENINO,30,2,6,AVENIDA,15,-58.47220945,-34.60111373,MOTO-AUTO,MOTO,AUTO
617,2020-0077,2020-12-25,PASAJERO_ACOMPAÑANTE,MOTO,FEMENINO,24,2,6,AVENIDA,15,-58.47220945,-34.60111373,MOTO-AUTO,MOTO,AUTO
618,2020-0078,2020-12-25,CICLISTA,BICICLETA,MASCULINO,26,1,5,CALLE,7,-58.43706741,-34.63217813,BICICLETA-PASAJEROS,BICICLETA,PASAJEROS
619,2020-0079,2020-12-27,CONDUCTOR,MOTO,MASCULINO,28,1,4,GRAL PAZ,12,-58.49332664,-34.54836855,MOTO-OBJETO FIJO,MOTO,OBJETO FIJO
620,2021-0001,2021-01-06,CONDUCTOR,MOTO,MASCULINO,36,1,18,AUTOPISTA,1,-58.37960727,-34.62622851,MOTO-AUTO,MOTO,AUTO
621,2021-0002,2021-01-07,CONDUCTOR,MOTO,FEMENINO,47,1,10,AVENIDA,9,-58.51061062,-34.64972472,MOTO-CARGAS,MOTO,CARGAS
622,2021-0003,2021-01-10,CONDUCTOR,MOTO,MASCULINO,27,1,7,AUTOPISTA,7,-58.43052224,-34.62941648,MOTO-OBJETO FIJO,MOTO,OBJETO FIJO
623,2021-0004,2021-01-11,PEATON,PEATON,FEMENINO,61,1,9,AVENIDA,5,-58.41455544,-34.63866836,PEATON-CARGAS,PEATON,CARGAS
624,2021-0005,2021-01-11,PEATON,PEATON,MASCULINO,73,1,21,AVENIDA,9,-58.46774439,-34.64730145,PEATON-AUTO,PEATON,AUTO
625,2021-0006,2021-01-12,PASAJERO_ACOMPAÑANTE,MOTO,FEMENINO,23,1,21,AUTOPISTA,14,-58.40786274,-34.56726817,MOTO-CARGAS,MOTO,CARGAS
626,2021-0007,2021-01-18,CONDUCTOR,MOTO,MASCULINO,84,1,10,AVENIDA,15,-58.48744301,-34.58622275,MOTO-MOTO,MOTO,MOTO
627,2021-0008,2021-01-22,PEATON,PEATON,MASCULINO,28,1,23,AVENIDA,4,-58.41657793,-34.65476216,PEATON-PASAJEROS,PEATON,PASAJEROS
628,2021-0009,2021-01-23,CONDUCTOR,MOTO,MASCULINO,31,1,5,AVENIDA,6,-58.45351111,-34.61134937,MOTO-OBJETO FIJO,MOTO,OBJETO FIJO
629,2021-0010,2021-01-23,CONDUCTOR,MOTO,MASCULINO,28,1,8,GRAL PAZ,12,-58.5007381,-34.5497951,MOTO-AUTO,MOTO,AUTO
630,2021-0011,2021-01-27,PEATON,PEATON,MASCULINO,21,1,1,AVENIDA,2,-58.39144148,-34.59564871,PEATON-AUTO,PEATON,AUTO
631,2021-0012,2021-01-29,PEATON,PEATON,MASCULINO,42,1,20,AUTOPISTA,8,-58.48191128,-34.68385968,PEATON-AUTO,PEATON,AUTO
632,2021-0013,2021-01-31,CONDUCTOR,MOTO,MASCULINO,41,1,6,AVENIDA,10,-58.48727942,-34.63652467,MOTO-OBJETO FIJO,MOTO,OBJETO FIJO
633,2021-0014,2021-02-02,PEATON,PEATON,MASCULINO,28,1,0,AVENIDA,15,-58.48328708,-34.59779521,PEATON-AUTO,PEATON,AUTO
634,2021-0015,2021-02-06,CONDUCTOR,MOTO,MASCULINO,26,1,3,AVENIDA,15,-58.49018543,-34.5972499,MOTO-OBJETO FIJO,MOTO,OBJETO FIJO
635,2021-0016,2021-02-14,CONDUCTOR,AUTO,MASCULINO,22,1,5,AVENIDA,8,-58.47230127,-34.68482689,AUTO-OBJETO FIJO,AUTO,OBJETO FIJO
636,2021-0017,2021-02-17,CONDUCTOR,MOTO,MASCULINO,33,1,4,AVENIDA,1,-58.38262614,-34.63168269,MOTO-PASAJEROS,MOTO,PASAJEROS
637,2021-0018,2021-02-20,PEATON,PEATON,MASCULINO,36,1,19,CALLE,3,-58.41047268,-34.60793518,PEATON-AUTO,PEATON,AUTO
638,2021-0019,2021-02-21,CONDUCTOR,MOTO,MASCULINO,30,1,1,AVENIDA,12,-58.49659234,-34.56353635,MOTO-OBJETO FIJO,MOTO,OBJETO FIJO
639,2021-0020,2021-02-21,PEATON,PEATON,FEMENINO,42,1,15,CALLE,5,-58.42462955,-34.60727189,PEATON-CARGAS,PEATON,CARGAS
640,2021-0021,2021-02-26,CONDUCTOR,MOTO,MASCULINO,39,1,5,CALLE,3,-58.41168345,-34.61185625,MOTO-OBJETO FIJO,MOTO,OBJETO FIJO
641,2021-0022,2021-02-28,PASAJERO_ACOMPAÑANTE,PASAJEROS,MASCULINO,68,1,12,AVENIDA,13,-58.45157681,-34.55217303,PASAJEROS-SD,PASAJEROS,SD
642,2021-0023,2021-03-01,CONDUCTOR,MOTO,MASCULINO,24,1,9,AUTOPISTA,4,-58.3592012,-34.647772,MOTO-CARGAS,MOTO,CARGAS
643,2021-0024,2021-03-03,CICLISTA,BICICLETA,MASCULINO,5,1,16,AVENIDA,9,-58.49573651,-34.67006054,BICICLETA-CARGAS,BICICLETA,CARGAS
644,2021-0025,2021-03-11,CONDUCTOR,MOTO,MASCULINO,37,1,3,GRAL PAZ,8,-58.48695354,-34.68795245,MOTO-OTRO,MOTO,OTRO
645,2021-0026,2021-03-15,CONDUCTOR,MOTO,MASCULINO,36,1,2,AUTOPISTA,4,-58.37562539,-34.64449357,MOTO-OBJETO FIJO,MOTO,OBJETO FIJO
646,2021-0027,2021-03-16,CONDUCTOR,MOTO,FEMENINO,19,1,15,GRAL PAZ,12,-58.49491054,-34.54795581,MOTO-CARGAS,MOTO,CARGAS
647,2021-0028,2021-03-29,PEATON,PEATON,MASCULINO,42,1,17,AVENIDA,7,-58.44147621,-34.64357704,PEATON-PASAJEROS,PEATON,PASAJEROS
648,2021-0029,2021-03-31,CONDUCTOR,AUTO,MASCULINO,26,1,18,AVENIDA,7,-58.46899119,-34.63215432,AUTO-AUTO,AUTO,AUTO
649,2021-0030,2021-04-03,PEATON,PEATON,MASCULINO,36,1,18,CALLE,4,-58.38685612,-34.63455776,PEATON-PASAJEROS,PEATON,PASAJEROS
650,2021-0031,2021-04-07,PEATON,PEATON,FEMENINO,68,1,10,AVENIDA,1,-58.38113667,-34.61765323,PEATON-CARGAS,PEATON,CARGAS
651,2021-0032,2021-04-10,PEATON,PEATON,MASCULINO,60,1,19,AUTOPISTA,13,-58.44112678,-34.54538956,PEATON-MOTO,PEATON,MOTO
652,2021-0033,2021-04-14,CONDUCTOR,AUTO,MASCULINO,33,1,17,AUTOPISTA,5,-58.41595919,-34.62743346,AUTO-OBJETO FIJO,AUTO,OBJETO FIJO
653,2021-0034,2021-04-19,PASAJERO_ACOMPAÑANTE,MOTO,FEMENINO,26,1,14,AVENIDA,4,-58.40184094,-34.64546845,MOTO-CARGAS,MOTO,CARGAS
654,2021-0035,2021-05-03,CONDUCTOR,MOTO,MASCULINO,24,1,9,AVENIDA,8,-58.44642231,-34.65679806,MOTO-CARGAS,MOTO,CARGAS
655,2021-0036,2021-05-09,CONDUCTOR,MOTO,MASCULINO,36,1,6,GRAL PAZ,11,-58.52340614,-34.59798754,MOTO-OBJETO FIJO,MOTO,OBJETO FIJO
656,2021-0037,2021-05-11,PEATON,PEATON,FEMENINO,58,1,7,AVENIDA,13,-58.46649069,-34.56219075,PEATON-PASAJEROS,PEATON,PASAJEROS
657,2021-0038,2021-05-14,CONDUCTOR,MOTO,FEMENINO,44,1,11,AVENIDA,14,-58.42653328,-34.57816791,MOTO-CARGAS,MOTO,CARGAS
658,2021-0039,2021-05-15,CICLISTA,BICICLETA,MASCULINO,86,1,12,AVENIDA,9,-58.50407099,-34.65303372,BICICLETA-AUTO,BICICLETA,AUTO
659,2021-0040,2021-05-20,CONDUCTOR,MOTO,MASCULINO,27,1,5,GRAL PAZ,13,-58.46743471,-34.53476874,MOTO-AUTO,MOTO,AUTO
660,2021-0041,2021-05-20,PEATON,PEATON,MASCULINO,75,1,8,AVENIDA,14,-58.40986646,-34.5772806,PEATON-PASAJEROS,PEATON,PASAJEROS
661,2021-0042,2021-05-21,PEATON,PEATON,MASCULINO,39,1,5,AVENIDA,9,-58.51739138,-34.63931792,PEATON-PASAJEROS,PEATON,PASAJEROS
662,2021-0043,2021-05-22,PEATON,PEATON,MASCULINO,50,1,18,AVENIDA,9,-58.50719962,-34.65556223,PEATON-AUTO,PEATON,AUTO
663,2021-0044,2021-05-25,PASAJERO_ACOMPAÑANTE,MOTO,MASCULINO,21,1,2,AVENIDA,9,-58.46712311,-34.64600222,MOTO-OBJETO FIJO,MOTO,OBJETO FIJO
664,2021-0045,2021-05-26,CONDUCTOR,MOTO,MASCULINO,22,1,17,AUTOPISTA,4,-58.37709334,-34.64035082,MULTIPLE,MOTO,MULTIPLE
665,2021-0046,2021-05-31,PASAJERO_ACOMPAÑANTE,AUTO,MASCULINO,20,1,2,AVENIDA,15,-58.46033141,-34.58569883,AUTO-OBJETO FIJO,AUTO,OBJETO FIJO
666,2021-0047,2021-06-02,CONDUCTOR,MOTO,MASCULINO,59,1,16,AVENIDA,4,-58.42190745,-34.65633192,MOTO-AUTO,MOTO,AUTO
667,2021-0048,2021-06-03,CICLISTA,BICICLETA,MASCULINO,44,1,9,AVENIDA,12,-58.49026573,-34.5698141,BICICLETA-AUTO,BICICLETA,AUTO
668,2021-0049,2021-06-03,CONDUCTOR,AUTO,MASCULINO,74,1,20,AVENIDA,8,-58.45410344,-34.66902702,AUTO-AUTO,AUTO,AUTO
669,2021-0050,2021-06-10,CONDUCTOR,MOTO,MASCULINO,56,1,13,AVENIDA,13,-58.44751621,-34.55719892,MOTO-PASAJEROS,MOTO,PASAJEROS
670,2021-0051,2021-06-15,PEATON,PEATON,MASCULINO,73,1,19,AVENIDA,4,-58.42040352,-34.66005171,PEATON-CARGAS,PEATON,CARGAS
671,2021-0052,2021-06-20,PASAJERO_ACOMPAÑANTE,MOTO,FEMENINO,19,1,5,GRAL PAZ,8,-58.49530249,-34.68010798,MOTO-OBJETO FIJO,MOTO,OBJETO FIJO
672,2021-0053,2021-06-20,PEATON,PEATON,MASCULINO,58,1,12,AVENIDA,15,-58.44399875,-34.5947736,PEATON-BICICLETA,PEATON,BICICLETA
673,2021-0054,2021-06-22,CONDUCTOR,MOTO,MASCULINO,41,1,14,CALLE,4,-58.42759813,-34.65463857,MOTO-CARGAS,MOTO,CARGAS
674,2021-0055,2021-06-29,PASAJERO_ACOMPAÑANTE,MOTO,MASCULINO,47,1,12,AVENIDA,3,-58.40547222,-34.60456293,MOTO-CARGAS,MOTO,CARGAS
675,2021-0056,2021-07-09,CICLISTA,BICICLETA,MASCULINO,60,1,23,AVENIDA,4,-58.42473018,-34.6500828,BICICLETA-AUTO,BICICLETA,AUTO
676,2021-0057,2021-07-10,CONDUCTOR,AUTO,MASCULINO,46,1,23,AUTOPISTA,2,-58.39257023,-34.57563957,AUTO-OBJETO FIJO,AUTO,OBJETO FIJO
677,2021-0058,2021-07-21,PEATON,PEATON,MASCULINO,24,1,0,GRAL PAZ,12,-58.48941042,-34.54596153,PEATON-AUTO,PEATON,AUTO
678,2021-0059,2021-07-22,PASAJERO_ACOMPAÑANTE,AUTO,FEMENINO,44,1,1,AVENIDA,3,-58.3964074,-34.62783085,AUTO-OBJETO FIJO,AUTO,OBJETO FIJO
679,2021-0060,2021-07-22,PEATON,PEATON,FEMENINO,80,1,12,AVENIDA,5,-58.41971993,-34.6111224,PEATON-PASAJEROS,PEATON,PASAJEROS
680,2021-0061,2021-07-24,PEATON,PEATON,FEMENINO,55,1,9,AVENIDA,4,-58.40544588,-34.65012801,PEATON-CARGAS,PEATON,CARGAS
681,2021-0062,2021-07-27,CONDUCTOR,AUTO,MASCULINO,73,1,7,AVENIDA,4,-58.42003882,-34.64645957,AUTO-CARGAS,AUTO,CARGAS
682,2021-0063,2021-08-02,PASAJERO_ACOMPAÑANTE,AUTO,FEMENINO,31,1,4,AVENIDA,7,-58.46851293,-34.63348678,AUTO-AUTO,AUTO,AUTO
683,2021-0064,2021-08-02,PEATON,PEATON,MASCULINO,37,1,20,GRAL PAZ,9,-58.52931141,-34.65422917,PEATON-CARGAS,PEATON,CARGAS
684,2021-0065,2021-08-06,PEATON,PEATON,FEMENINO,63,1,8,AVENIDA,6,-58.42675754,-34.6269973,PEATON-PASAJEROS,PEATON,PASAJEROS
685,2021-0066,2021-08-06,PEATON,PEATON,MASCULINO,59,1,20,AVENIDA,11,-58.52933723,-34.61098186,PEATON-PASAJEROS,PEATON,PASAJEROS
686,2021-0067,2021-08-08,CONDUCTOR,MOTO,MASCULINO,27,1,9,AUTOPISTA,1,-58.37910943,-34.62764718,MOTO-OBJETO FIJO,MOTO,OBJETO FIJO
687,2021-0068,2021-08-15,CONDUCTOR,MOTO,MASCULINO,39,1,6,AVENIDA,11,-58.52161176,-34.61164474,MOTO-OBJETO FIJO,MOTO,OBJETO FIJO
688,2021-0069,2021-08-20,PEATON,PEATON,MASCULINO,17,1,17,AVENIDA,14,-58.41354692,-34.5869768,PEATON-AUTO,PEATON,AUTO
689,2021-0070,2021-08-28,CONDUCTOR,MOTO,MASCULINO,31,1,8,AVENIDA,8,-58.43960781,-34.65470804,MOTO-CARGAS,MOTO,CARGAS
690,2021-0071,2021-08-31,PEATON,PEATON,MASCULINO,88,1,16,CALLE,3,-58.4045461,-34.60003693,PEATON-MOTO,PEATON,MOTO
691,2021-0072,2021-09-01,PEATON,PEATON,FEMENINO,57,1,19,AVENIDA,2,-58.39303911,-34.59871111,PEATON-AUTO,PEATON,AUTO
692,2021-0073,2021-09-18,CICLISTA,BICICLETA,FEMENINO,76,1,12,AVENIDA,2,-58.39391034,-34.58405348,BICICLETA-AUTO,BICICLETA,AUTO
693,2021-0074,2021-09-20,CONDUCTOR,MOTO,MASCULINO,55,1,15,GRAL PAZ,12,-58.5007381,-34.5497951,MULTIPLE,MOTO,MULTIPLE
694,2021-0075,2021-09-21,PEATON,PEATON,MASCULINO,65,1,14,CALLE,1,-58.38281301,-34.62786038,PEATON-CARGAS,PEATON,CARGAS
695,2021-0076,2021-10-16,CONDUCTOR,MOTO,MASCULINO,31,1,6,AVENIDA,7,-58.43980799,-34.65094083,MOTO-OBJETO FIJO,MOTO,OBJETO FIJO
696,2021-0077,2021-10-18,CONDUCTOR,MOTO,FEMENINO,31,1,7,AVENIDA,6,-58.44402387,-34.62933109,MOTO-CARGAS,MOTO,CARGAS
697,2021-0078,2021-10-23,CONDUCTOR,MOTO,MASCULINO,22,1,6,AVENIDA,6,-58.42779702,-34.62207347,MOTO-PASAJEROS,MOTO,PASAJEROS
698,2021-0079,2021-10-25,PEATON,PEATON,MASCULINO,42,1,3,CALLE,3,-58.40944147,-34.60097942,PEATON-AUTO,PEATON,AUTO
699,2021-0080,2021-10-28,CONDUCTOR,MOTO,MASCULINO,32,1,16,AVENIDA,1,-58.38277479,-34.5943016,MOTO-AUTO,MOTO,AUTO
700,2021-0081,2021-11-02,CONDUCTOR,MOTO,MASCULINO,26,1,13,AUTOPISTA,4,-58.37627355,-34.63800916,MOTO-CARGAS,MOTO,CARGAS
701,2021-0082,2021-11-06,CONDUCTOR,MOTO,MASCULINO,38,1,4,AUTOPISTA,3,-58.39591856,-34.62453459,MOTO-AUTO,MOTO,AUTO
702,2021-0083,2021-11-09,CONDUCTOR,MOTO,MASCULINO,30,1,0,AVENIDA,13,-58.45829717,-34.56015762,MOTO-AUTO,MOTO,AUTO
703,2021-0084,2021-11-11,CONDUCTOR,AUTO,MASCULINO,32,1,3,AVENIDA,9,-58.49142611,-34.64584795,AUTO-OBJETO FIJO,AUTO,OBJETO FIJO
704,2021-0097,2021-11-18,CICLISTA,BICICLETA,MASCULINO,53,1,6,CALLE,1,-58.37976155,-34.58679619,BICICLETA-AUTO,BICICLETA,AUTO
705,2021-0085,2021-11-20,CONDUCTOR,MOTO,MASCULINO,49,1,18,GRAL PAZ,12,-58.51271409,-34.57786555,MOTO-OBJETO FIJO,MOTO,OBJETO FIJO
706,2021-0086,2021-11-25,PEATON,PEATON,MASCULINO,75,1,10,AVENIDA,6,-58.44864864,-34.62352826,PEATON-PASAJEROS,PEATON,PASAJEROS
707,2021-0087,2021-11-27,PEATON,PEATON,FEMENINO,73,1,11,CALLE,1,-58.37795815,-34.59167894,PEATON-BICICLETA,PEATON,BICICLETA
708,2021-0088,2021-12-01,CONDUCTOR,MOTO,MASCULINO,45,1,15,CALLE,13,-58.45531707,-34.55555257,MOTO-AUTO,MOTO,AUTO
709,2021-0089,2021-12-02,CONDUCTOR,MOTO,MASCULINO,41,1,1,AVENIDA,11,-58.47633683,-34.62140594,MOTO-AUTO,MOTO,AUTO
710,2021-0090,2021-12-10,PEATON,PEATON,MASCULINO,73,1,11,AVENIDA,1,-58.38188582,-34.60256036,PEATON-PASAJEROS,PEATON,PASAJEROS
711,2021-0091,2021-12-11,CONDUCTOR,MOTO,MASCULINO,24,1,23,CALLE,10,-58.51989389,-34.62284918,MOTO-AUTO,MOTO,AUTO
712,2021-0092,2021-12-12,PEATON,PEATON,FEMENINO,50,1,6,AVENIDA,3,-58.4059686,-34.61011987,PEATON-AUTO,PEATON,AUTO
713,2021-0093,2021-12-13,PASAJERO_ACOMPAÑANTE,MOTO,FEMENINO,18,1,17,AVENIDA,7,-58.43353773,-34.64561636,MOTO-AUTO,MOTO,AUTO
714,2021-0094,2021-12-20,PASAJERO_ACOMPAÑANTE,MOTO,FEMENINO,43,1,1,AUTOPISTA,9,-58.46739825,-34.65117757,MOTO-AUTO,MOTO,AUTO
715,2021-0095,2021-12-30,CONDUCTOR,MOTO,MASCULINO,27,1,0,AVENIDA,11,-58.47293407,-34.61984745,MOTO-CARGAS,MOTO,CARGAS
716,2021-0096,2021-12-15,CONDUCTOR,AUTO,MASCULINO,60,1,10,AVENIDA,9,-58.47066794,-34.65021673,AUTO-CARGAS,AUTO,CARGAS
